fm_id,RecordID,Title,language,d1,m1,y1,d2,m2,y2,format,publication_place_fk
2071,998409340101488,Physica et metaphysica.,Latin,0,0,1658,0,0,1659,210 x 160 mm.,2
2072,9983677380101488,Logica.,Latin,0,0,1743,0,0,1743,205 x 155 mm.,2
2073,9983680640101488,Physica,Latin,0,0,1728,0,0,1729,203 x 160 mm.,2
2074,9983684110101488,Physica,Latin,0,0,1728,0,0,1729,203 x 160 mm.,2
2075,9984692670101488,Dialectica.,Latin,0,0,1744,0,0,1744,210 x 165 mm.,2
2076,9984806480101488,Logica.,Latin,0,0,1668,0,0,1669,210 x 170 mm.,2
2077,9984809220101488,Metaphysica.,Latin,0,0,1669,0,0,1670,215 x 165 mm.,2
2078,9984813000101488,Physica.,Latin,0,0,1669,0,0,1669,210 x 165 mm.,2
2079,9984817940101488,Logica.,Latin,0,0,1643,0,0,1643,205 x 160 mm.,2
2080,9984825290101488,Physica.,Latin,0,0,1644,0,0,1644,195 x 155 mm.,2
2081,9984831760101488,Logica.,Latin,0,0,1655,0,0,1656,206 x 160 mm.,2
2082,9984875010101488,Dialectica.,Latin,0,0,1749,0,0,1749,210 x 160 mm.,2
2083,9984879010101488,Mechanica.,Latin,0,0,1793,0,0,1793,186 x 155 mm.,2
2084,9984882080101488,Physica.,Latin,0,0,1766,0,0,1766,200 x 160 mm.,2
2085,9984889740101488,Logica.,Latin,0,0,1666,0,0,1667,211 x 160 mm.,2
2086,9984909340101488,Annotata physicalia.,Latin,0,0,1644,0,0,1644,195 x 160 mm.,2
2087,9984913130101488,De logica et de sphæra.,Latin,0,0,1701,0,0,1797,208 x 165 mm.,2
2088,9984915010101488,Logica.,Latin,0,0,0,0,0,0,210 x 160 mm.,2
2089,9984952000101488,Tractatus de sponsalibus et matrimonio.,Latin,0,0,1771,0,0,1771,203 x 160 mm.,2
2090,9985204270101488,Physica,Latin,0,0,1771,0,0,1771,160 x 98 mm.,2
2091,9985275330101488,De actibus humanis & legibus.,Latin,0,0,1701,0,0,1797,181 x 145 mm.,2
2092,9985276830101488,Logica,Latin,0,0,1601,0,0,1700,168 x 110 mm.,2
2093,9985449980101488,Scripta theologica.,Latin,0,0,1629,0,0,1630,205 x 150 mm.,2
2094,9985450340101488,Scripta de sacramentis.,Latin,0,0,1613,0,0,1616,338 x 210 mm.,2
2095,9988171070101488,Physica.,Latin,0,0,1694,0,0,1695,210 x 165 mm.,2
2096,9988171170101488,Logica.,Latin,0,0,1693,0,0,1694,205 x 165 mm.,2
2097,9989636720101488,Physica.,Latin,0,0,1707,0,0,1708,215 x 165 mm.,2
2098,9989672710101488,Collectanea juridica sive Annotationes ad leges diversas.,Latin,0,0,1722,0,0,1727,193 x 125 mm.,2
2099,9990180740101488,Physica,Latin,0,0,1773,0,0,1774,190 x 120 mm.,2
2100,9991877070101488,Physica,Latin,0,0,1653,0,0,1653,215 x 165 mm.,2
2101,9992066370101488,Logica,Latin,0,0,1753,0,0,1754,205 x 160 mm.,2
2102,9992070040101488,Physica.,Latin,0,0,1754,0,0,1755,205 x 160 mm.,2
2103,9992075290101488,Physica,Latin,0,0,1754,0,0,1755,205 x 160 mm.,2
2104,9992112188001488,Logica. Metaphysica,Latin,0,0,1772,0,0,1772,205 x 165 mm.,2
2105,9992119909401488,Logica,Latin,0,0,1777,0,0,1788,190 x 160  mm.,2
2106,9992133084901488,Dialectica,Latin,0,0,1698,0,0,1699,210 x 160  mm.,2
2107,9992133091401488,Logica,Latin,0,0,1790,0,0,1790,190 x 155 mm.,2
2108,9992133203501488,Logica,Latin,0,0,1652,0,0,1653,215 x 160  mm.,2
2109,9992133262401488,Dialectica,Latin,0,0,1758,0,0,1759,200 x 165  mm.,2
2110,9992133547201488,Logica,Latin,0,0,1759,0,0,1760,205 x 165 mm.,2
2111,9992133557801488,Dialectica,Latin,0,0,1735,0,0,1735,205 x 160 mm.,2
2112,9992133560601488,Physica. Dialectica,Latin,0,0,1683,0,0,1752,210 x 165 mm.,2
2113,9992134347801488,Logica,Latin,0,0,1625,0,0,1626,198 x 160  mm.,2
2114,9992134599601488,Logica,Latin,0,0,1785,0,0,1785,190 x 120  mm.,2
2115,9992134603301488,Dialectica,Latin,0,0,1725,0,0,1725,210 x 160  mm.,2
2116,9992134606101488,Logica. Metaphysica. Ethica,Latin,0,0,1701,0,0,1797,210 x 135  mm.,2
2117,9992134681701488,Logica,Latin,0,0,1770,0,0,1770,195 x 160  mm.,2
2118,9992134685601488,Ethica. Logica,Latin,0,0,1774,0,0,1774,192 x 165  mm.,2
2119,9992134688101488,Logica,Latin,0,0,1779,0,0,1779,205 x 165 mm.,2
2120,9992135447901488,Dialectica,Latin,0,0,1673,0,0,1673,210 x 160  mm.,2
2121,9992135452901488,Logica,Latin,0,0,1640,0,0,1640,210 x 160  mm.,2
2122,9992135904101488,Dialectica,Latin,0,0,1711,0,0,1711,200 x 160  mm.,2
2123,9992135943601488,Logica,Latin,0,0,1654,0,0,1654,210 x 160  mm.,2
2124,9992136072701488,Logica,Latin,0,0,1652,0,0,1653,155 x 105  mm.,2
2125,9992136076601488,Dialectica,Latin,0,0,1739,0,0,1739,205 x 165  mm.,2
2126,9992136082201488,Logica. Ethica,Latin,0,0,1769,0,0,1770,162 x 105  mm.,2
2127,9992136083201488,Logica,Latin,0,0,1769,0,0,1769,165 x 105  mm.,2
2128,9992136085301488,Logica,Latin,0,0,1783,0,0,1783,205 x 165  mm.,2
2129,9992136093101488,Ethica. Logica,Latin,0,0,1776,0,0,1777,195 x 165 mm.,2
2130,9992136094301488,Logica,Latin,0,0,1757,0,0,1757,210 x 165 mm.,2
2131,9992136098101488,Logica. Ethica,Latin,0,0,1778,0,0,1779,205 x 170  mm.,2
2132,9992136105801488,Logica,Latin,0,0,1765,0,0,1765,210 x 165  mm.,2
2133,9992136545901488,Logica,Latin,0,0,1698,0,0,1698,215 x 160  mm.,2
2134,9992136798801488,Dialectica,Latin,0,0,1748,0,0,1748,205 x 165 mm.,2
2135,9992136989801488,Dialectica,Latin,0,0,1764,0,0,1764,205 x 170  mm.,2
2136,9992136995601488,Dialectica,Latin,0,0,1674,0,0,1674,195 x 165 mm.,2
2137,9992137179101488,Physica,Latin,0,0,1772,0,0,1772,190 x 130  mm.,2
2138,9992137274701488,Questiones et responsa de theologia morali,Latin,0,0,1615,0,0,1615,200 x 160 mm.,2
2139,9992137290401488,Physica,Latin,0,0,1784,0,0,1785,190 x 115  mm.,2
2140,9992137296201488,Physica,Latin,0,0,1775,0,0,1777,193 x 120  mm.,2
2141,9992137304801488,Physica,Latin,0,0,1767,0,0,1767,205 x 170  mm.,2
2142,9992137341201488,Ethica,Latin,0,0,1629,0,0,1629,220 x 165  mm.,2
2143,9992138591301488,Physica. Metaphysica,0,0,0,1755,0,0,1756,205 x 165 mm.,2
2144,9992139602401488,De actibus humanis II,Latin,0,0,1778,0,0,1779,190 x 125 mm.,2
2145,9992139683501488,Digesta. Quaestiones pro tentamine in 50 libros digestorum,Latin,0,0,1784,0,0,1784,187 x 120  mm.,2
2146,9992139685401488,Digesta. Libri I-VIII,Latin,0,0,1784,0,0,1784,195 x 120  mm.,2
2147,9992139924001488,Physica,Latin,0,0,1714,0,0,1715,205 x 160  mm.,2
2148,9992140105701488,Physica,Latin,0,0,1785,0,0,1785,195 x 120  mm.,2
2149,9992140106801488,Metaphysica,Latin,0,0,1785,0,0,1785,190 x 120  mm.,2
2150,9992140134901488,Physica,Latin,0,0,1771,0,0,1772,190 x 125  mm.,2
2151,9992140181501488,Physica,Latin,0,0,1775,0,0,1775,195 x 165 mm.,2
2152,9992140182701488,Arithmetica. Geometria,Latin,0,0,1773,0,0,1773,200 x 165 mm.,2
2153,9992140188701488,Physica,Latin,0,0,1779,0,0,1780,205 x 165 mm.,2
2154,9992140195101488,Ethica,Latin,0,0,1779,0,0,1780,205 x 165 mm.,2
2155,9992140338901488,Physica,Latin,0,0,1780,0,0,1780,205 x 168  mm.,2
2156,9992140339801488,Physica,Latin,0,0,1780,0,0,1780,202 x 1658  mm.,2
2157,9992140340101488,Physca,Latin,0,0,1780,0,0,1780,250 x 170  mm.,2
2158,9992140348301488,Metaphysica,Latin,0,0,1777,0,0,1778,210 x 165  mm.,2
2159,9992140588701488,Physica. Metaphysica,Latin,0,0,1738,0,0,1739,197 x 165 mm.,2
2160,9992140593401488,Physica,Latin,0,0,1770,0,0,1770,195 x 165  mm.,2
2161,9992146148901488,De sacramentis,Latin,0,0,1701,0,0,1797,233 x 170  mm.,2
2162,9992146151501488,Physica,Latin,0,0,1787,0,0,1787,193 x 120  mm.,2
2163,9992146292801488,Physiologiae tractatus,Latin,0,0,1786,0,0,1786,193 x 120 mm.,2
2164,9992146296101488,Classia nutrientium,Latin,0,0,1786,0,0,1786,200 x 124 mm.,2
2165,9992146318201488,Physica,Latin,0,0,1777,0,0,1778,190 x 135  mm.,2
2166,9992146321001488,Physica,Latin,0,0,1777,0,0,1778,192 x 135  mm.,2
2167,9992146323901488,Metaphysica,Latin,0,0,1777,0,0,1777,190 x 160  mm.,2
2168,9992146339701488,Commentarius ad Decretales Gregorii IX [III],Latin,0,0,1785,0,0,1785,190 x 120  mm.,2
2169,9992146342401488,Commentarius ad Decretales Gregorii IX [II],Latin,0,0,1785,0,0,1785,190 x 120  mm.,2
2170,9992146344901488,Commentarius ad Decretales Gregorii IX [I],Latin,0,0,1785,0,0,1785,190 x 120  mm.,2
2171,998161350101488,Metaphysica,Latin,0,0,1788,0,0,1790,202 x 160 mm.,2
2172,998296080101488,Logica.,Latin,0,0,1761,0,0,1761,210 x 165 mm.,2
2173,9911058340101488,De poësi lyrica. Themata rhetoricae. Quaestiones De cathecismo.,Latin,0,0,1791,0,0,1792,191 x 120 mm.,2
2174,9914031280101488,Logica,Latin,0,0,1735,0,0,1737,213 x 165 mm.,2
2175,9915089830101488,Logica,Latin,0,0,1769,0,0,1770,185 x 150 mm.,2
2176,9922121260101488,Physica,Latin,0,0,1767,0,0,1767,188 x 155 mm.,2
2177,9922947680101488,Logica,Latin,0,0,1776,0,0,1777,185 x 155 mm.,2
2178,9927563330101488,Physica,Latin,0,0,1755,0,0,1755,205 x 160 mm.,2
2179,9932447570101488,Physica,Latin,0,0,1769,0,0,1769,195 x 155 mm.,2
2180,9937199870101488,Physica,Latin,0,0,1725,0,0,1725,190 x 150 mm.,2
2181,9977253760101488,Metaphysica.,Latin,0,0,1781,0,0,1781,200 x 120 mm.,2
2182,9977254090101488,Logica,Latin,0,0,1781,0,0,1783,200 x 120 mm.,2
2183,9977262400101488,Physica,Latin,0,0,1783,0,0,1783,198 x 120 mm.,2
2184,9977262940101488,Physica,Latin,0,0,1783,0,0,1783,198 x 120 mm.,2
2185,9977263370101488,Physica,Latin,0,0,1783,0,0,1783,188 x 120 mm.,2
2186,9977263640101488,Physica,Latin,0,0,1783,0,0,1783,189 x 120 mm.,2
2187,9977265180101488,Physica,Latin,0,0,1782,0,0,1782,197 x 125 mm.,2
2188,9977265700101488,Physica,Latin,0,0,1783,0,0,1783,198 x 120 mm.,2
2189,9977266570101488,Physica,Latin,0,0,1782,0,0,1782,0,2
2190,9977279820101488,Metaphysica.,Latin,0,0,1786,0,0,1787,192 x 120 mm.,2
2191,9977279980101488,Logica.,Latin,0,0,1667,0,0,1667,210 x 150 mm.,2
2192,9977310530101488,Physica,Latin,0,0,1787,0,0,1787,192 x 120 mm.,2
2193,9977312870101488,Metaphysica.,Latin,0,0,1780,0,0,1781,195 x 155 mm.,2
2194,9977313230101488,Metaphysica,Latin,0,0,1639,0,0,1639,205 x 160 mm.,2
2195,9977344860101488,Logica.,Latin,0,0,1636,0,0,1636,205 x 155 mm.,2
2196,9977348420101488,Physica,Latin,0,0,1750,0,0,1750,190 x 155 mm.,2
2197,9977372040101488,Physica,Latin,0,0,1732,0,0,1733,198 x 125 mm.,2
2198,9977373610101488,Physica.,Latin,0,0,1760,0,0,1762,205 x 160 mm.,2
2199,9977426430101488,Physica,Latin,0,0,1770,0,0,1770,190 x 155 mm.,2
2200,9977440210101488,Physica,Latin,0,0,1739,0,0,1739,210 x 165 mm.,2
2201,9977449110101488,Metaphysica. Physica.,Latin,0,0,1665,0,0,1666,162 x 103 mm.,2
2202,9977468650101488,Logica,Latin,0,0,1770,0,0,1770,191 x 155 mm.,2
2203,9977481560101488,Physica,Latin,0,0,1771,0,0,1771,180 x 150 mm.,2
2204,9977521810101488,Metaphysica,Latin,0,0,1751,0,0,1797,205 x 160 mm.,2
2205,9977549140101488,Metaphysica. Physica.,Latin,0,0,1686,0,0,1687,214 x 165 mm.,2
2206,9977590330101488,Metaphysica,Latin,0,0,1651,0,0,1651,210 x 160 mm.,2
2207,9977608360101488,Logica,Latin,0,0,1750,0,0,1752,210 x 165 mm.,2
2208,9977620970101488,Physica.,Latin,0,0,1758,0,0,1759,205 x 165 mm.,2
2209,9977638180101488,Logica,Latin,0,0,1761,0,0,1763,215 x160 mm.,2
2210,9977654930101488,Logica. Ethica.,Latin,0,0,1768,0,0,1769,192 x 160 mm.,2
2211,9977672720101488,Physica,Latin,0,0,1771,0,0,1771,195 x 155 mm.,2
2212,9977675380101488,Physica,Latin,0,0,1772,0,0,1772,195 x 155 mm.,2
2213,9977686300101488,Physica,Latin,0,0,1781,0,0,1781,190 x 120 mm.,2
2214,9977720580101488,Commentarius in partem primam S. Thomae.,Latin,0,0,1601,0,0,1601,315 x 210 mm.,2
2215,9977731120101488,"Tractatus de sacramentis in genere, de baptismo et de confirmatione.",Latin,0,0,1601,0,0,1601,315 x 210 mm.,2
2216,9977739730101488,Physica. Metaphysica,Latin,0,0,1651,0,0,1652,210 x 160 mm.,2
2217,9977764740101488,Physica,Latin,0,0,1659,0,0,1660,210 x 160 mm.,2
2218,9977783060101488,Physica,Latin,0,0,1663,0,0,1664,205 x 160 mm.,2
2219,9977786480101488,Physica,Latin,0,0,1634,0,0,1634,223 x 155 mm.,2
2220,9977803120101488,Logica. Metaphysica,Latin,0,0,1659,0,0,1660,210 x 160 mm.,2
2221,9978955270101488,Logica.,Latin,0,0,1677,0,0,1678,210 x 150 mm.,2
2222,9978968940101488,Physica,Latin,0,0,1656,0,0,1656,207 x 160 mm.,2
2223,9978981200101488,Physica,Latin,0,0,1732,0,0,1732,212 x 162 mm.,2
2224,9978990300101488,Physica,Latin,0,0,1757,0,0,1757,205 x 160 mm.,2
2225,9979601780101488,Physica,Latin,0,0,1768,0,0,1769,158 x 100 mm.,2
2226,9979740960101488,Physica,Latin,0,0,1768,0,0,1769,192 x 155 mm.,2
2227,9979742740101488,Physica,Latin,0,0,1769,0,0,1769,153 x 95 mm.,2
2228,9979901050101488,Physica. Metaphysica,Latin,0,0,1774,0,0,1775,190 x 160 mm.,2
2229,9979911060101488,Physica,Latin,0,0,1770,0,0,1771,163 x 102 mm.,2
2230,9979915920101488,Physica,Latin,0,0,1773,0,0,1773,164 x102 mm.,2
2231,9979944780101488,Physica,Latin,0,0,1784,0,0,1786,204 x 160 mm.,2
2232,9979964850101488,Logica,Latin,0,0,1778,0,0,1778,205 x 170mm.,2
2233,9979967470101488,Ethica,Latin,0,0,1778,0,0,1778,201 x 165 mm.,2
2234,9979976860101488,Physica,0,0,0,1779,0,0,1780,203 x 165 mm.,2
2235,9979977170101488,Physica,Latin,0,0,1780,0,0,1780,200 x 165 mm.,2
2236,9979977270101488,Physica,Latin,0,0,1780,0,0,1780,203 x 165 mm.,2
2237,9979988900101488,Physica,Latin,0,0,1779,0,0,1779,200 x 165 mm.,2
2238,9980006270101488,Physica,Latin,0,0,1795,0,0,1796,193 x 120 mm.,2
2239,9980044110101488,Logica. Metaphysica,Latin,0,0,1772,0,0,1773,193 x 155 mm.,2
2240,9980058550101488,Dialectica.,Latin,0,0,1763,0,0,1763,210 x 165 mm.,2
2241,9980080650101488,Physica,Latin,0,0,1796,0,0,1796,200 x 135 mm.,2
2242,9980108010101488,Logica.,Latin,0,0,1701,0,0,1797,190 x 145 mm.,2
2243,9980131450101488,Logica,Latin,0,0,1791,0,0,1791,190 x 120 mm.,2
2244,9980135760101488,Physica,Latin,0,0,1601,0,0,1700,200 x 150 mm.,2
2245,9980147460101488,Physica,Latin,0,0,1701,0,0,1797,155 x 100 mm.,2
2246,9980151480101488,Physica,Latin,0,0,1751,0,0,1797,190 x 115 mm.,2
2247,9980167940101488,Physica,Latin,0,0,1750,0,0,1751,205 x 160 mm.,2
2248,9980179140101488,Physica,Latin,0,0,1702,0,0,1702,220 x 170 mm.,2
2249,9980180330101488,Physica,Latin,0,0,1701,0,0,1797,195 x 125 mm.,2
2250,9980184590101488,Physica,Latin,0,0,1701,0,0,1797,190 x 125 mm.,2
2251,9980204150101488,Physica,Latin,0,0,1701,0,0,1797,0,2
2252,9980205280101488,Physica,Latin,0,0,1701,0,0,1797,160 x 102 mm.,2
2253,9980783110101488,Physica,Latin,0,0,1786,0,0,1786,198 x 120 mm.,2
2254,9981080110101488,Physica,Latin,0,0,1701,0,0,1797,200 x 120 mm.,2
2255,9981133530101488,Physica,Latin,0,0,1775,0,0,1775,190 x 160 mm.,2
2256,9983088940101488,Metaphysica,Latin,0,0,1782,0,0,1782,193 x 168 mm.,2
2257,9983089150101488,Physica,Latin,0,0,1785,0,0,1785,186 x 118 mm.,2
2258,9983091750101488,Dialectica.,Latin,0,0,1762,0,0,1762,210 x 162 mm.,2
2259,9983125730101488,Tractatus de actibus humanis.,Latin,0,0,1733,0,0,1733,210 x 160 mm.,2
2260,9983127850101488,Tractatus de actibus humanis peccatis et legibus.,Latin,0,0,0,0,0,0,210 x 165 mm.,2
2261,9983137190101488,Tractatus de matrimonio. Tractatus de jure et justitia.,Latin,0,0,1768,0,0,1784,210 x 165 mm.,2
2262,9983141220101488,Questiones iuris civilis pro examine baccalaureatûs.,Latin,0,0,1751,0,0,1797,0,2
2263,9983142560101488,Prosecutio præcedentis materiæ scilicet Exemplorum Scripturæ Sacræ.,Latin/Dutch,0,0,1747,0,0,1747,208 x 160 mm.,2
2264,9983524100101488,Dialectica.,Latin,0,0,1705,0,0,1705,208 x 160 mm.,2
2265,9983528950101488,De philosophia.,Latin,0,0,1661,0,0,1661,208 x 155 mm.,2
2266,9983532560101488,Physica,Latin,0,0,1663,0,0,1664,210 x 158 mm.,2
2267,9983686250101488,Logica.,Latin,0,0,1720,0,0,1723,195 x 155 mm.,2
2268,9983694770101488,Logica.,Latin,0,0,1720,0,0,1723,198 x 155 mm.,2
2269,9983697900101488,Dialectica.,Latin,0,0,1756,0,0,1756,255 x 190 mm.,2
2270,9983730050101488,Physica.,Latin,0,0,1724,0,0,1724,208 x 165 mm.,2
2271,9992137275801488,Annotationes in paratitla in quinquaginta libros digestorum authore Claudio de Ferriere scripta. Lovanii anno 1770,Latin,0,0,1770,0,0,1770,193 x 125  mm.,2
2272,9992137277301488,Philosophia. Metaphysica,Latin,0,0,1746,0,0,1746,250 x 195 mm.,2
2273,9992137297401488,Physica,Latin,0,0,1797,0,0,1797,190 x 120  mm.,2
2274,9992137306701488,Physica,Latin,0,0,1760,0,0,1761,210 x 165 mm.,2
2275,9992138104001488,Chirurgia,Latin,0,0,1744,0,0,1744,200 x 155 mm.,2
2276,9992138481501488,Tractatus de jure et justitia II,Latin,0,0,1780,0,0,1780,190 x 125 mm.,2
2277,9992138492101488,Tractatus de jure et justitia I,Latin,0,0,1780,0,0,1780,190 x 125 mm.,2
2278,9992138495301488,Tractatus theologici De peccatis et gratia II,Latin,0,0,1780,0,0,1780,185 x 125 mm.,2
2279,9992138497301488,Tractatus theologici De peccatis et gratia I,Latin,0,0,1780,0,0,1780,190 x 125 mm.,2
2280,9992138587401488,Tractatus de sacramentis III,Latin,0,0,1779,0,0,1779,190 x 125  mm.,2
2281,9992138587901488,Tractatus de sacramentis II,Latin,0,0,1793,0,0,1793,185 x 125  mm.,2
2282,9992138589201488,Tractatus de sacramentis I,Latin,0,0,1793,0,0,1793,190 x 125  mm.,2
2283,9992139603401488,De actibus humanis I,Latin,0,0,1778,0,0,1779,190 x 125 mm.,2
2284,9992139606101488,Tractatus de incarnatione,Latin,0,0,1779,0,0,1781,197 x 125 mm.,2
2285,9992139690401488,Physica,Latin,0,0,1772,0,0,1772,195 x 160  mm.,2
2286,9992140603301488,Ethica,Latin,0,0,1769,0,0,1769,203 x 165 mm.,2
2287,9992141305401488,Physica. Metaphysica,Latin,0,0,0,0,0,0,202 x 155 mm.,2
2288,9992141306501488,Physica,Latin,0,0,1775,0,0,1777,195 x 120  mm.,2
2289,9992146146201488,De contractibus,Latin,0,0,1778,0,0,1778,210 x 170  mm.,2
2290,9992146194901488,Praxis medica II,Latin,0,0,1786,0,0,1787,195  x 135 mm.,2
2291,9992146198201488,Praxis medica I,Latin,0,0,1786,0,0,1787,195  x 135 mm.,2
2292,9992146295001488,Chemia tractatus,Latin,0,0,1786,0,0,1786,195 x 120 mm.,2
2293,9992146339101488,Commentarius ad Decretales Gregorii IX [IV],Latin,0,0,1785,0,0,1785,190 x 120  mm.,2
2294,9992146706401488,Physica. Metaphysica,Latin,0,0,1758,0,0,1758,208 x 160  mm.,2
2295,9992146848801488,Physica,0,0,0,1780,0,0,1781,190 x120  mm.,2
2296,9992146857301488,Physica,Latin,0,0,1776,0,0,1776,195 x 120  mm.,2
2297,9992146860001488,Physica,Latin,0,0,1792,0,0,1793,205 x 165 mm.,2
2298,9992146985601488,Physica,Latin,0,0,1778,0,0,1778,198 x 135  mm.,2
2299,9992146988901488,Physica,Latin,0,0,1778,0,0,1778,190 x 135  mm.,2
2300,9992147495401488,Physica,0,0,0,1781,0,0,1781,190 x115 mm.,2
2301,9992147782501488,Physica. Metaphysica,Latin,0,0,1680,0,0,1681,205 x 160  mm.,2
2302,9992148064401488,Physica,Latin,0,0,1767,0,0,1772,190 x 125  mm.,2
2303,9992148090201488,Physica,Latin,0,0,1777,0,0,1780,200 x 165  mm.,2
2304,9992148095901488,Physica,Latin,0,0,1769,0,0,1770,195 x 160  mm.,2
2305,9992148600301488,Physica,Latin,0,0,1785,0,0,1786,193x 140  mm.,2
2306,9992148605801488,Physica,Latin,0,0,1778,0,0,1778,198 x 120  mm.,2
2307,9992148802601488,Physica,Latin,0,0,1702,0,0,1704,260 x 130  mm.,2
2308,9992149102601488,Syntaxis,Latin,0,0,1755,0,0,1756,200 x 160  mm.,2
2309,9992149105901488,Grammatica,Latin,0,0,1753,0,0,1754,200 x 165  mm.,2
2310,9992149165001488,Physica,Latin,0,0,1663,0,0,1663,205 x 160  mm.,2
2311,9992149168001488,Quæstiones variæ theologicæ,Latin,0,0,1769,0,0,1769,180 x 130  mm.,2
2312,9992149485801488,Series quaestionum,Latin,0,0,1781,0,0,1781,185 x 105  mm.,2
2313,9992149490701488,Physica. Metaphysica,Latin,0,0,1760,0,0,1760,210 x 170  mm.,2
2314,9992149495501488,Ethica,Latin,0,0,1729,0,0,1729,205 x 145  mm.,2
2315,9992150599201488,Physica,Latin,0,0,1774,0,0,1774,205 x 155 mm.,2
2316,9992150601501488,Ethica,Latin,0,0,1769,0,0,1770,200 x 155 mm.,2
2317,9992150904801488,Physica,Latin,0,0,1769,0,0,1770,202 x 165 mm.,2
2318,9992150960001488,Physica,Latin,0,0,1770,0,0,1775,165 x 105  mm.,2
2319,9992150970801488,Physica,Latin,0,0,1770,0,0,1770,235 x 180  mm.,2
2320,9992151397201488,Physica,Latin,0,0,1761,0,0,1761,210 x 160  mm.,2
2321,9992151405501488,Physica,Latin,0,0,1767,0,0,1767,195 x 160  mm.,2
2322,9992151606301488,Physica,Latin,0,0,1761,0,0,1761,210 x 160  mm.,2
2323,9992204604701488,Physica,Latin,0,0,1775,0,0,1776,201 x 165  mm.,2
2324,9992206993601488,Physica,Latin,0,0,1786,0,0,1787,200 x 125 mm.,2
2325,9992207401401488,Physica,Latin,0,0,1783,0,0,1784,185 x 120  mm.,2
2326,9992219790001488,Physica,Latin,0,0,1763,0,0,1764,195x 165 mm.,2
2327,9992220680601488,Physica et metaphysica,Latin,0,0,1649,0,0,1650,215 x 160 mm.,2
2328,9992221202401488,Logica,Latin,0,0,1751,0,0,1797,190 x 120  mm.,2
2329,9992221650701488,Physica,Latin,0,0,1764,0,0,1766,208 x 170 mm.,2
2330,9992224302001488,Physica,Latin,0,0,1786,0,0,1787,181 x 155 mm.,2
2331,9992225262401488,Dialectica,Latin,0,0,1759,0,0,1764,202 x 160 mm.,2
2332,9992225265001488,Logica,Latin,0,0,1645,0,0,1646,199 x 150 mm.,2
2333,9992225292301488,Physica,Latin,0,0,1769,0,0,1770,160 x 95 mm.,2
2334,9992225666501488,Physica,Latin,0,0,1751,0,0,1797,204 x 120 mm.,2
2335,9992225787101488,Physica,Latin,0,0,1671,0,0,1671,210 x 160 mm.,2
2336,9992225794601488,Logica,Latin,0,0,1698,0,0,1699,210 x 160 mm.,2
2337,9992227193601488,Physica,Latin,0,0,1730,0,0,1731,195 x 155 mm.,2
2338,9992228007701488,Logica,Latin,0,0,1741,0,0,1743,255 x 195 mm.,2
2339,9992228103501488,Dialectica,Latin,0,0,1697,0,0,1697,204 x 160 mm.,2
2340,9992228433301488,Physica,Latin,0,0,1791,0,0,1791,190 x 120 mm.,2
2341,9992229610001488,Dialectica,Latin,0,0,1727,0,0,1727,215 x 165 mm.,2
2342,9992238865401488,Physica,Latin,0,0,1714,0,0,1716,202 x 150 mm.,2
2343,9992238965901488,Dialectica,Latin,0,0,1759,0,0,1759,197 x 162 mm.,2
2344,9992238992201488,Logica,Latin,0,0,1714,0,0,1715,204 x 163 mm.,2
2345,9992239494301488,Physica,Latin,0,0,1701,0,0,1725,208 x 165 mm.,2
2346,9992239531301488,Physica,Latin,0,0,1762,0,0,1763,205 x 165 mm.,2
2347,9992239580201488,Logica,Latin,0,0,1631,0,0,1631,205 x 160 mm.,2
2348,9992241006701488,Physica,Latin,0,0,1782,0,0,1782,215 x 170 mm.,2
2349,9992241391701488,Physica,Latin,0,0,1773,0,0,1773,190 x 60 mm.,2
2350,9992241898401488,Logica,Latin,0,0,1782,0,0,1783,204 x 165 mm.,2
2351,9992242003001488,Physica,Latin,0,0,1769,0,0,1769,191 x 155 mm.,2
2352,9992246345201488,Logica,Latin,0,0,1650,0,0,1650,205 x 170 mm.,2
2353,9992246804101488,Physica,Latin,0,0,1705,0,0,1706,205 x 165 mm.,2
2354,9992246897201488,Logica,Latin,0,0,1639,0,0,1641,320 x 210 mm.,2
2355,9992247586101488,Physica,Latin,0,0,1739,0,0,1739,195 x 150 mm.,2
2356,9992249564201488,Logica,Latin,0,0,1762,0,0,1762,184 x 155 mm.,2
2357,9992251605601488,Repetitio medica : de intermittentius /,Latin,0,0,1760,0,0,1760,205 x 159 mm.,2
2358,9992253682801488,Physica,Latin,0,0,1767,0,0,1768,207 x 165 mm.,2
2359,9992254699401488,Physica,Latin,0,0,1769,0,0,1769,205 x 160 mm.,2
2360,9992257388201488,Logica,Latin,0,0,1621,0,0,1626,300 x 205 mm.,2
2361,9992259064001488,Physica,Latin,0,0,1759,0,0,1760,200 x 165 mm.,2
2362,9992259094501488,Logica,Latin,0,0,1688,0,0,1689,215 x 165 mm.,2
2363,9992259486801488,Physica,Latin,0,0,1756,0,0,1757,195 x 158 mm.,2
2364,9992259488401488,Physica,Latin,0,0,1756,0,0,1757,195 x 155 mm.,2
2365,9992259680001488,Metaphysica,Latin,0,0,1782,0,0,1783,206 x 165 mm.,2
2366,9992259682901488,Physica,Latin,0,0,1751,0,0,1797,193 x 160 mm.,2
2367,9992259740301488,Physica,Latin,0,0,1770,0,0,1770,185 x 120 mm.,2
2368,9992259742801488,Physica,Latin,0,0,1770,0,0,1770,185 x 120 mm.,2
2369,9992260073401488,Physica,Latin,0,0,1784,0,0,1784,190 x 120 mm.,2
2370,9992260297901488,Logica,Latin,0,0,1683,0,0,1684,210 x 160 mm.,2
2371,998150740101488,Physica,Latin,0,0,1780,0,0,1781,195 x 120 mm.,2
2372,998151430101488,Ethica. Physica,Latin,0,0,1792,0,0,1792,195 x 125 mm.,2
2373,9918340830101488,Logica.,Latin,0,0,1668,0,0,1668,210 x 165 mm.,2
2374,9922526250101488,Physica,Latin,0,0,1601,0,0,1700,215 x 165 mm.,2
2375,9922906810101488,Physica,Latin,0,0,1701,0,0,1797,190 x 120 mm.,2
2376,9932490870101488,Physica,Latin,0,0,1730,0,0,1730,165 x 105 mm.,2
2377,9974819880101488,Physica,Latin,0,0,1746,0,0,1746,193 x 150 mm.,2
2378,9979902360101488,Physica.,Latin,0,0,1774,0,0,1775,190 x 160 mm.,2
2379,9979974500101488,Physica,Latin,0,0,1779,0,0,1779,200 x 165 mm.,2
2380,9979975230101488,Physica,Latin,0,0,1780,0,0,1780,204 x 165 mm.,2
2381,9979979380101488,Metaphysica.,Latin,0,0,1779,0,0,1779,205 x 160 mm.,2
2382,9979980370101488,Physica,Latin,0,0,1779,0,0,1779,202 x 165 mm.,2
2383,9979991410101488,Physica,Latin,0,0,1725,0,0,1725,167 x 105 mm.,2
2384,9979994270101488,Physica,Latin,0,0,1796,0,0,1796,189 x 120 mm.,2
2385,9979996150101488,Physica,Latin,0,0,1795,0,0,1796,193 x 120 mm.,2
2386,9980008520101488,Physica,Latin,0,0,1796,0,0,1796,193 x 120 mm.,2
2387,9980010920101488,Physica,Latin,0,0,1796,0,0,1797,191 x 120 mm.,2
2388,9980013690101488,Physica,Latin,0,0,1797,0,0,1797,191 x 115 mm.,2
2389,9980015510101488,Physica,Latin,0,0,1787,0,0,1787,190 x 115 mm.,2
2390,9980025940101488,Physica,Latin,0,0,1779,0,0,1779,185 x 120 mm.,2
2391,9980047390101488,Physica,Latin,0,0,1774,0,0,1774,190 x 160 mm.,2
2392,9980062350101488,Rhetorica.,Latin,0,0,1765,0,0,1766,205 x 160 mm.,2
2393,9980073640101488,Compendium chirurgiae.,Latin,0,0,1737,0,0,1737,203 x 155 mm.,2
2394,9980078320101488,Physiologia cum quæstionibus.,Latin,0,0,1780,0,0,1780,208 x165 mm.,2
2395,9980112510101488,Physica,Latin,0,0,1778,0,0,1778,189 x 125 mm.,2
2396,9980116750101488,Physica,Latin,0,0,1780,0,0,1780,190 x 120 mm.,2
2397,9980119940101488,Physica,Latin,0,0,1701,0,0,1797,195 x 115 mm.,2
2398,9980130210101488,Ethica,Latin,0,0,1781,0,0,1781,190 x 120 mm.,2
2399,9980133620101488,Physica,Latin,0,0,1792,0,0,1792,187 x 115 mm.,2
2400,9982425400101488,Physica,Latin,0,0,1701,0,0,1797,207 x 160 mm.,2
2401,9982428510101488,Physica,Latin,0,0,1783,0,0,1783,190 x 115 mm.,2
2402,9982442420101488,Physica,Latin,0,0,1776,0,0,1776,192 x 125 mm.,2
2403,9982443260101488,Physica,Latin,0,0,1776,0,0,1776,190 x 125 mm.,2
2404,9982444200101488,Physica,Latin,0,0,1776,0,0,1776,192 x 125 mm.,2
2405,9982444800101488,Physica,Latin,0,0,1776,0,0,1776,198 x 130 mm.,2
2406,9982445190101488,Physica,Latin,0,0,1776,0,0,1776,200 x 125 mm.,2
2407,9982446350101488,Physica,Latin,0,0,1776,0,0,1776,200 x 130 mm.,2
2408,9982447290101488,Physica,Latin,0,0,1781,0,0,1781,190 x 120 mm.,2
2409,9982448600101488,Physica,Latin,0,0,1751,0,0,1797,210 x 165 mm.,2
2410,9982450100101488,Physica,Latin,0,0,1751,0,0,1797,185 x 150 mm.,2
2411,9982451950101488,Physica,Latin,0,0,1772,0,0,1773,160 x 105 mm.,2
2412,9982453500101488,Physica,Latin,0,0,1784,0,0,1784,190 x 117 mm.,2
2413,9982454010101488,Physica,Latin,0,0,1786,0,0,1786,190 x 117 mm.,2
2414,9982460260101488,Physica,Latin,0,0,1772,0,0,1772,200 x 160 mm.,2
2415,9982461000101488,Physica,Latin,0,0,1772,0,0,1772,205 x 165 mm.,2
2416,9982462360101488,Physica,Latin,0,0,1769,0,0,1769,200 x 160 mm.,2
2417,9982465140101488,Logica,Latin,0,0,1768,0,0,1768,197 x 160 mm.,2
2418,9982466190101488,Physica,Latin,0,0,1786,0,0,1786,189 x 115 mm.,2
2419,9982467090101488,Physica,Latin,0,0,1784,0,0,1784,200 x 125 mm.,2
2420,9982468040101488,Physica,Latin,0,0,1785,0,0,1785,200 x 130 mm.,2
2421,9982481200101488,Physica,Latin,0,0,1775,0,0,1777,195 x 120 mm.,2
2422,9982483310101488,Physica,Latin,0,0,1775,0,0,1777,195 x120 mm.,2
2423,9982485500101488,Physica,Latin,0,0,1774,0,0,1774,187 x 128 mm.,2
2424,9982488970101488,Physica. Metaphysica.,Latin,0,0,1687,0,0,1687,200 x 155 mm.,2
2425,9983530360101488,Physica,Latin,0,0,1765,0,0,1766,197 x 165 mm.,2
2426,9988018010101488,Logica.,Latin,0,0,1648,0,0,1650,205 x 155 mm.,2
2427,9991877810101488,Physica,Latin,0,0,1770,0,0,1770,170 x 110  mm.,2
2428,9992136783701488,Logica,Latin,0,0,1701,0,0,1797,210 x 165  mm.,2
2429,9992136788601488,Logica,Latin,0,0,1701,0,0,1797,213 x 170  mm.,2
2430,9992136793201488,Logica,Latin,0,0,1701,0,0,1797,195 x 160  mm.,2
2431,9992139606701488,Metaphysica,Latin,0,0,1775,0,0,1775,205 x 135 mm.,2
2432,9992140333701488,Physica,Latin,0,0,1708,0,0,1709,205 x 165 mm.,2
2433,9992149101701488,Major figura,Latin/Dutch,0,0,1763,0,0,1763,210 x 165 mm.,2
2434,9992149178901488,Physica,Latin,0,0,1777,0,0,1778,178 x 145  mm.,2
2435,9992149181501488,Physica,Latin,0,0,1772,0,0,1773,195 x 155 mm.,2
2436,9992149184401488,Metaphysica,Latin,0,0,1790,0,0,1790,196 x 130  mm.,2
2437,9992149185101488,Physica,Latin,0,0,1700,0,0,1797,207 x 165 mm.,2
2438,9992149185601488,Physica,Latin,0,0,1742,0,0,1742,190 x 155  mm.,2
2439,9992149186001488,Grammatica,Latin,0,0,1759,0,0,1759,195 x 170  mm.,2
2440,9992195577201488,Physica. Metaphysica,Latin,0,0,1678,0,0,1678,215 x 165  mm.,2
2441,9992196166601488,Physica,Latin,0,0,1697,0,0,1698,213x 165  mm.,2
2442,9992196173301488,Physica,Latin,0,0,1780,0,0,1781,193 x 120  mm.,2
2443,9992196247601488,Commentaria in quinque libros decretalium Gregorii noni,0,0,0,1693,0,0,1693,325 x 210 mm.,2
2444,9992196258101488,Metaphysica,Latin,0,0,1771,0,0,1771,195x 135  mm.,2
2445,9992196273001488,Tractatus rhetoricae,Latin,0,0,1784,0,0,1784,177 x 175  mm.,2
2446,9992198301301488,Logica,Latin,0,0,1663,0,0,1664,210 x 160  mm.,2
2447,9992198353501488,Physica,Latin,0,0,1787,0,0,1787,195 x 120  mm.,2
2448,9992198378801488,Dialectica,Latin,0,0,1760,0,0,1760,212 x 165  mm.,2
2449,9992198692501488,Physica,Latin,0,0,1777,0,0,1777,190 x 155  mm.,2
2450,9992198705001488,Physica,Latin,0,0,1786,0,0,1786,192 x 120 mm.,2
2451,9992199287501488,Logica,Latin,0,0,1777,0,0,1777,204 x 164  mm.,2
2452,9992199300001488,Physica,Latin,0,0,1778,0,0,1778,204 x 165 mm.,2
2453,9992199376001488,Physica,Latin,0,0,1771,0,0,1771,150 x 95  mm.,2
2454,9992199378401488,Physica,Latin,0,0,0,0,0,0,188 x 155 mm.,2
2455,9992199492601488,Physica,Latin,0,0,1773,0,0,1773,195 x 150  mm.,2
2456,9992199509901488,Physica,Latin,0,0,1770,0,0,1771,191 x 150  mm.,2
2457,9992199801401488,Physica,Latin,0,0,1773,0,0,1773,160 x 95  mm.,2
2458,9992199802601488,Physica,Latin,0,0,1777,0,0,1777,200 x 160  mm.,2
2459,9992204399801488,Physica,Latin,0,0,1625,0,0,1662,208 x 165 mm.,2
2460,9992206995201488,Physica,Latin,0,0,1786,0,0,1787,200 x 125 mm.,2
2461,9992207004501488,Logica,Latin,0,0,1783,0,0,1784,185 x 120  mm.,2
2462,9992207005101488,Physica,Latin,0,0,1776,0,0,1777,188 x 154 mm.,2
2463,9992207564801488,Dialectica,Latin,0,0,1759,0,0,1759,210 x 165  mm.,2
2464,9992219566501488,Physica,Latin,0,0,1720,0,0,1721,209 x 160  mm.,2
2465,9992274990501488,Logica,Latin,0,0,1649,0,0,1650,212 x 155 mm.,2
2466,9992275076501488,Metaphysica,Latin,0,0,1779,0,0,1779,190 x 155 mm.,2
2467,9992276575601488,Physica,Latin,0,0,1786,0,0,1786,203 x 165 mm.,2
2468,9992276579101488,Physica,Latin,0,0,1786,0,0,1786,200 x 160 mm.,2
2469,9992276681901488,Physica,Latin,0,0,1786,0,0,1787,210 x 170 mm.,2
2470,9992276739201488,Logica,Latin,0,0,1785,0,0,1786,210 x 160 mm.,2
2471,9977348230101488,Metaphysica. Physica,Latin,0,0,1661,0,0,1662,205 x 160 mm.,2
2472,9977402560101488,Logica.,Latin,0,0,1669,0,0,1669,199 x 155 mm.,2
2473,9977403690101488,Logica,Latin,0,0,1669,0,0,1670,198 x 160 mm.,2
2474,9977413430101488,Logica,Latin,0,0,1669,0,0,1669,198 x 158 mm.,2
2475,9977438160101488,Physica,Latin,0,0,1670,0,0,1670,196 x 150 mm.,2
2476,9977438360101488,Logica,Latin,0,0,1669,0,0,1669,198 x 155 mm.,2
2477,9977504050101488,Logica,Latin,0,0,1513,0,0,1514,290 x 215 mm.,2
2478,9977567710101488,Physica,Latin,0,0,1669,0,0,1670,196 x 155 mm.,2
2479,9977689530101488,Logica.,Latin,0,0,1614,0,0,1615,280 x 195 mm.,2
2480,9977710810101488,Physica,Latin,0,0,1669,0,0,1670,195 x 152 mm.,2
2481,9978977230101488,Physica. Metaphysica,Latin,0,0,1675,0,0,1676,205 x 160 mm.,2
2482,9980094080101488,Physica,Latin,0,0,1767,0,0,1767,210 x 165 mm.,2
2483,9981118750101488,Physica,Latin,0,0,1774,0,0,1774,220 x 165 mm.,2
2484,9992255099201488,"Dictata  Ledrou, Farvacques et Huygens",Latin,0,0,1651,0,0,1700,215 x 170 mm.,2
2485,9992260279201488,Logica et Metaphysica,Latin,0,0,1784,0,0,1785,187 x155 mm.,2
2486,9992260790201488,Physica,Latin,0,0,1771,0,0,1771,187 x 125 mm.,2
2487,9992260794101488,Physica,Latin,0,0,1771,0,0,1771,187 x 125 mm.,2
2488,9992260798501488,Logica,Latin,0,0,1770,0,0,1770,187 x 125 mm.,2
2489,9992260801001488,Physica,Latin,0,0,1771,0,0,1771,207 x 165 mm.,2
2490,9992260904601488,Physica,Latin,0,0,1767,0,0,1767,193 x 160 mm.,2
2491,9992260909301488,Metaphysica. Physica,Latin,0,0,1784,0,0,1784,197 x 155 mm.,2
2492,9992265092101488,Metaphysica,Latin,0,0,1616,0,0,1616,335 x 220 mm.,2
2493,9992265095501488,Physica,Latin,0,0,1616,0,0,1616,355 x 220 mm,2
2494,9992265202401488,Physica,Latin,0,0,1774,0,0,1774,205 x 160 mm.,2
2495,9992270688501488,Physica,Latin,0,0,1770,0,0,1771,197 x 125 mm.,2
2496,9992271601801488,Physica,Latin,0,0,1778,0,0,1778,207 x 170 mm.,2
2497,9992271603901488,Physica,Latin,0,0,1777,0,0,1778,205 x 170 mm.,2
2498,9992271890801488,Physica,Latin,0,0,1751,0,0,1797,200 x 130 mm.,2
2499,9992271895301488,Physica,Latin,0,0,0,0,0,0,195 x 160 mm.,2
2500,9992272707601488,Physica,Latin,0,0,1774,0,0,1774,191 x 115 mm.,2
2501,9992272987701488,Logica. Ethica,Latin,0,0,1777,0,0,1777,195 x 160 mm.,2
2502,9992272991501488,Physica,Latin,0,0,1751,0,0,1797,188 x 125 mm.,2
2503,9992272998501488,Physica,Latin,0,0,1777,0,0,1777,208 x 140 mm.,2
2504,9992273290201488,Physica,Latin,0,0,1751,0,0,1797,207 x 165 mm.,2
2505,9992274354001488,Logica,Latin,0,0,1783,0,0,1784,195 x 160 mm.,2
2506,9992274362101488,Physica,Latin,0,0,1758,0,0,1768,200 x 160 mm.,2
2507,9992274371401488,Physica,Latin,0,0,1770,0,0,1770,185 x 120 mm.,2
2508,9992274373801488,Rhetorica,Latin,0,0,1787,0,0,1788,193 x 120 mm.,2
2509,9992274409201488,Physica,Latin,0,0,1766,0,0,1797,205 x 130 mm.,2
2510,9992274445301488,Logica,Latin,0,0,1648,0,0,1648,162 x 105 mm.,2
2511,9992274448601488,Logica,Latin,0,0,1751,0,0,1797,210 x 168 mm.,2
2512,9992274455601488,Logica,Latin,0,0,1758,0,0,1760,203 x 160 mm.,2
2513,9992275208101488,Logica,Latin,0,0,1638,0,0,1638,227 x 170 mm.,2
2514,9992276573901488,Metaphysica,Latin,0,0,1786,0,0,1786,188 x 155 mm.,2
2515,9992276576501488,Physica,Latin,0,0,1786,0,0,1786,210 x 165 mm.,2
2516,9992276677401488,Physica,Latin,0,0,1786,0,0,1786,190 x 155 mm.,2
2517,9992276679901488,Physica,Latin,0,0,1786,0,0,1786,190 x 155 mm.,2
2518,9992276735001488,Logica,Latin,0,0,1785,0,0,1785,220 x 175 mm.,2
2519,9992276749601488,Metaphysica,Latin,0,0,1785,0,0,1786,195 x 160 mm.,2
2520,9992282003601488,Logica,Latin,0,0,1632,0,0,1632,324 x 250 mm.,2
2521,9992337086601488,Ethica. Physica,Latin,0,0,1769,0,0,1769,202 x 170 mm.,2
2522,9992345588901488,Physica,Latin,0,0,0,0,0,0,188 x 125 mm.,2
2523,9992390707301488,Physica,Latin,0,0,1739,0,0,1739,196 x 160 mm.,2
2524,9992408054301488,Physica,Latin,0,0,1771,0,0,1771,210 x 165 mm.,2
2525,9992423306701488,Logica,Latin,0,0,1710,0,0,1711,205 x 155 mm.,2
2526,9992467506901488,Physica et Metaphysica,Latin,0,0,1678,0,0,1678,210 x 160 mm.,2
2527,9992475809401488,Logica,Latin,0,0,1650,0,0,1651,205 x 165 mm.,2
2528,9992549499201488,In iuris canonici Quinque institutionum libros,Latin,0,0,1629,0,0,1629,200 x 155 mm.,2
2529,9992549879801488,Institutiones iuris canonici,Latin,0,0,1628,0,0,1628,210 x 150 mm.,2
2530,9992549884401488,Institutiones iuris canonici,Latin,0,0,1645,0,0,1645,210 x 165 mm.,2
2531,9992549892801488,Roberti Bellarmini. Tractatus de iustitia. Tractatus de pensionibus,Latin,0,0,1576,0,0,1576,215 x 150 mm.,2
2532,9992550090001488,"Commentarii Doctissimi  Viri, Patris Leonardi Lesii, in quæstione 57a 2a 2a Doctoris Angelici D. Thomæ, de iustitia et iure",Latin,0,0,1593,0,0,1593,325 x 215 mm.,2
2533,9992551509201488,Commentarii varii in Scripturam Sacram,Latin,0,0,1606,0,0,1610,340 x 220 mm.,2
2534,9992552106201488,Commentarii in Novum Testamentum,Latin,0,0,1600,0,0,1610,329 x 205 mm.,2
2535,9992552206501488,Commentarius in secundam secundae Divi Thomae,Latin,0,0,1592,0,0,1593,315 x 199 mm.,2
2536,9992553310301488,Commentaria in libros decretalium,Latin,0,0,1575,0,0,1577,333 x 205 mm.,2
2537,9992560289301488,"Encomiastica Vitae Divinae Ode virginis descriptio, cum aliis opusculis",Latin,0,0,0,0,0,0,218x160 mm.,2
2538,9992560779401488,Physica,Latin,0,0,1751,0,0,1797,189 x 118 mm.,2
2539,9992560883901488,Commentarii iuris canonici,Latin,0,0,1627,0,0,1627,320 x 200 mm.,2
2540,9992565509601488,Physica,Latin,0,0,1796,0,0,1797,190 x 120 mm.,2
2541,9992573109501488,Physica,Latin,0,0,1751,0,0,1797,190 x 120 mm.,2
2542,9992685306901488,Commentaria in librum psalmorum David,Latin,0,0,1590,0,0,1590,200 x 155 mm.,2
2543,9992686809401488,Praefatio in apostolorum,Latin,0,0,0,0,0,0,320 x 200 mm.,2
2544,9992687696801488,"Tractatus de fide, spe et charitate",Latin,0,0,1614,0,0,1616,330 x 210 mm.,2
2545,9992688209301488,In psalmos Davidicos enarratio,Latin,0,0,1613,0,0,1613,320 x 210 mm.,2
2546,9992688508901488,Commentaria in evangelis S. Lucae et S. Joannis,Latin,0,0,1612,0,0,1614,320 x 210 mm.,2
2547,9992196008901488,Physica,Latin,0,0,1648,0,0,1649,202 x 155  mm.,2
2548,9992196026501488,Logica,Latin,0,0,1744,0,0,1745,205 x 165  mm.,2
2549,9992196052801488,Logica. Physica,Latin,0,0,1652,0,0,1652,206 x 160  mm.,2
2550,9992197660301488,Logica,Latin,0,0,1593,0,0,1594,295 x 200  mm.,2
2551,9992197676501488,Logica,Latin,0,0,1663,0,0,1664,210 x 160  mm.,2
2552,9992197679901488,Physica,Latin,0,0,1771,0,0,1771,193 x 135 mm.,2
2553,9992198362701488,Logica,Latin,0,0,1785,0,0,1786,198 x 120  mm.,2
2554,9992199501501488,Physica,Latin,0,0,1773,0,0,1773,188 x 155 mm.,2
2555,9992199879701488,Physica,Latin,0,0,1776,0,0,1777,200 x 165 mm.,2
2556,9992199886201488,Philosophia,Latin,0,0,1775,0,0,1776,202 x 165  mm.,2
2557,9992220529701488,Logica,Latin,0,0,1742,0,0,1743,183 x 150  mm.,2
2558,9992220586401488,Physica,Latin,0,0,1763,0,0,1763,195 x 165 mm.,2
2559,9992221122401488,Physica,Latin,0,0,1751,0,0,1797,190 x 125  mm.,2
2560,9992221144401488,Physica,Latin,0,0,1751,0,0,1797,190 x 125 mm.,2
2561,9992221146401488,Physica,Latin,0,0,1751,0,0,1797,192 x 125 mm.,2
2562,9992221207001488,Logica,Latin,0,0,1751,0,0,1797,190 x 120  mm.,2
2563,9992221654601488,Physica,Latin,0,0,1764,0,0,1766,205 x 165  mm.,2
2564,9992221691801488,Physica,Latin,0,0,1751,0,0,1797,193 x 125 mm.,2
2565,9992221700601488,Physica,Latin,0,0,1751,0,0,1797,192 x 120  mm.,2
2566,9992221702601488,Physica,Latin,0,0,1751,0,0,1797,192 x 120 mm.,2
2567,9992221747001488,Physica,Latin,0,0,1751,0,0,1797,192 x 125  mm.,2
2568,9992221802901488,Physica,Latin,0,0,1751,0,0,1797,190 x 125  mm.,2
2569,9992221809801488,Ethica et metaphysica,Latin,0,0,1751,0,0,1797,193 x 120 mm.,2
2570,9992222391301488,Physica,Latin,0,0,1788,0,0,1788,189 x 115  mm.,2
2571,9992223573501488,Physica et metaphysica,Latin,0,0,1689,0,0,1689,207 x 160 mm.,2
2572,9992223582801488,Physica,Latin,0,0,1783,0,0,1784,204 x 130 mm.,2
2573,9992223592201488,Physica,Latin,0,0,1783,0,0,1783,200 x 160 mm.,2
2574,9992223598301488,Dialectica,Latin,0,0,1761,0,0,1761,203 x 160  mm.,2
2575,9992224291601488,Logica,Latin,0,0,1772,0,0,1772,206 x 160 mm.,2
2576,9992225573501488,Logica,Latin,0,0,1788,0,0,1788,190 x 120 mm.,2
2577,9992225788701488,Dialectica,Latin,0,0,1711,0,0,1711,210 x 160 mm.,2
2578,9992227501701488,Dialectica,Latin,0,0,1741,0,0,1741,249 x 185 mm.,2
2579,9992228088701488,Physica,Latin,0,0,1783,0,0,1784,190 x 115 mm.,2
2580,9992228090401488,Physica,Latin,0,0,1783,0,0,1783,185 x 110 mm.,2
2581,9992228435401488,Physica,Latin,0,0,1698,0,0,1698,186 x 130 mm.,2
2582,9992228440101488,Physica,Latin,0,0,1784,0,0,1784,187 x 118 mm.,2
2583,9992228503301488,Physica,Latin,0,0,1768,0,0,1768,188 x 150 mm.,2
2584,9992228573401488,Physica,Latin,0,0,1770,0,0,1771,194 x 150 mm.,2
2585,9992228576901488,Physica,Latin,0,0,1758,0,0,1759,215 x 165 mm.,2
2586,9992229308001488,Physica,Latin,0,0,1793,0,0,1794,186 x 115 mm.,2
2587,9992229309201488,Physica,Latin,0,0,1791,0,0,1791,188 x 115 mm.,2
2588,9992229609401488,Logica,Latin,0,0,1783,0,0,1783,190 x 155 mm.,2
2589,9992238364601488,Physica,Latin,0,0,1715,0,0,1716,198 x 155 mm.,2
2590,9992238550601488,Physica,Latin,0,0,1754,0,0,1755,210 x 165 mm.,2
2591,9992238872201488,Metaphysica,Latin,0,0,1715,0,0,1715,203 x 163 mm.,2
2592,9992238994801488,Logica,Latin,0,0,1664,0,0,1664,197 x 155 mm.,2
2593,9992239103601488,Physica,Latin,0,0,1666,0,0,1666,208 x 160 mm.,2
2594,9992239410501488,Rhetorica,Latin,0,0,1771,0,0,1772,195x 160 mm.,2
2595,9992239418601488,Physica,Latin,0,0,1790,0,0,1791,203 x 165 mm.,2
2596,9992239484301488,Logica,Latin,0,0,1764,0,0,1764,211 x 165 mm.,2
2597,9992241172901488,Physica,Latin,0,0,1685,0,0,1686,215 x 160 mm.,2
2598,9992241185901488,Physica et metaphysica,Latin,0,0,1660,0,0,1667,208 x 160 mm.,2
2599,9992241201701488,Physica,Latin,0,0,1779,0,0,1779,196 x 125 mm.,2
2600,9992241248401488,Dialectica,Latin,0,0,1711,0,0,1711,210 x 165 mm.,2
2601,9992243101701488,Logica,Latin,0,0,1734,0,0,1735,208 x 160 mm.,2
2602,9992246369501488,Ethica,Latin,0,0,1766,0,0,1767,167 x 105 mm.,2
2603,9992248697801488,Physica,Latin,0,0,1792,0,0,1793,193 x 125 mm.¶,2
2604,9992249305001488,Physica,Latin,0,0,1779,0,0,1779,203 x 165 mm.,2
2605,9992249505501488,Physica,Latin,0,0,1794,0,0,1794,205 x 170 mm.,2
2606,9992249573501488,Philosophia universa,Latin,0,0,1739,0,0,1741,235 x 195 mm.,2
2607,9992249588801488,Physica,Latin,0,0,1760,0,0,1761,207 x 165 mm.,2
2608,9992249767001488,Physica,Latin,0,0,1770,0,0,1772,200 x 170 mm.,2
2609,9992249770101488,Physica,Latin,0,0,1767,0,0,1767,185 x 155 mm.,2
2610,9992249994601488,Physica,Latin,0,0,1730,0,0,1730,203 x 160 mm.,2
2611,9992250087401488,Logica,Latin,0,0,1653,0,0,1654,210 x 165 mm.,2
2612,9992250096001488,Logica,Latin,0,0,1751,0,0,1797,205 x 160 mm.,2
2613,9992251204101488,"Physica : De gravitate, De motu, Opticæ (engravings)",Latin,0,0,1701,0,0,1797,240 x 200 mm.,2
2614,9992251595401488,Physica,Latin,0,0,1766,0,0,1767,203 x 165 mm.,2
2615,9992251672801488,Physica,Latin,0,0,1762,0,0,1763,210 x 165 mm.,2
2616,9992251687801488,Physica,Latin,0,0,1661,0,0,1663,216 x 165 mm.,2
2617,9992252579401488,Logica,Latin,0,0,1743,0,0,1744,185 x 155 mm.,2
2618,9992252883301488,Ethica et metaphysica,Latin,0,0,1768,0,0,1768,203 x 160 mm.,2
2619,9992253783001488,Physica,Latin,0,0,1768,0,0,1768,205 x 165 mm.,2
2620,9992255197101488,Physica,Latin,0,0,1769,0,0,1769,205  x 160 mm.,2
2621,9992256102601488,Physica,Latin,0,0,1769,0,0,1769,206 x 165 mm.,2
2622,9992256589701488,Physica,Latin,0,0,1780,0,0,1780,193 x 123 mm.,2
2623,9992256608701488,Physica,Latin,0,0,1786,0,0,1786,250 x 175 mm.,2
2624,9992256704701488,Logica,Latin,0,0,1743,0,0,1743,198 x 155 mm.,2
2625,9992257274001488,Logica,Latin,0,0,1751,0,0,1753,205 x 160 mm.,2
2626,9992257382701488,Physica,Latin,0,0,1611,0,0,1612,161 x 105 mm.,2
2627,9992258093501488,Metaphysica,Latin,0,0,1781,0,0,1782,192 x 115 mm.,2
2628,9992258097401488,Metaphysica,Latin,0,0,1778,0,0,1779,198 x 115 mm.,2
2629,9992258099101488,Ethica,Latin,0,0,1778,0,0,1778,192 x 120 mm.,2
2630,9992258465901488,Philosophia universa,Latin,0,0,1735,0,0,1735,195 x 160 mm.,2
2631,9992258476501488,Metaphysica,Latin,0,0,1790,0,0,1790,185 x 155 mm.,2
2632,9992258483101488,Commentarii in Aristotelem,Latin,0,0,1615,0,0,1615,210 x 165 mm.,2
2633,9992258683201488,Dialectica,Latin,0,0,1763,0,0,1763,205 x 165 mm.,2
2634,9992258806901488,Logica,Latin,0,0,1781,0,0,1782,195 x 120 mm.,2
2635,9992258981901488,Physica : quaestiones,Latin,0,0,1786,0,0,1787,203 x 165 mm.,2
2636,9992258984001488,Physica,Latin,0,0,1787,0,0,1787,190 x 120 mm.,2
2637,9992258985601488,Physica,Latin,0,0,1787,0,0,1787,190 x 120 mm.,2
2638,9992258987101488,Physica,Latin,0,0,1787,0,0,1787,205 x 170 mm.,2
2639,9992259055901488,Physica,Latin,0,0,1674,0,0,1674,205 x 160 mm.,2
2640,9992259306201488,Physica,Latin,0,0,1602,0,0,1603,327 x 210 mm.,2
2641,9992259659001488,Physica,Latin,0,0,1770,0,0,1770,190 x 125 mm.,2
2642,9992259739501488,Physica,Latin,0,0,1783,0,0,1783,190 x 120 mm.,2
2643,9992259762901488,Metaphysica,Latin,0,0,1778,0,0,1778,190 x 155 mm.,2
2644,9992260067701488,Physica,Latin,0,0,1782,0,0,1782,195 x 160 mm.,2
2645,9992260288901488,Logica,Latin,0,0,1784,0,0,1785,192 x 155 mm.,2
2646,9992260295001488,Logica,Latin,0,0,1782,0,0,1782,193 x 160 mm.,2
