external_id,fm_id,project_fm_id
9912778250101488,2071,24
9912778400101488,2072,24
9912779680101488,2073,24
9912779810101488,2074,24
9912781690101488,2075,24
9912781880101488,2076,24
9912782030101488,2077,24
9912782100101488,2078,24
9912782180101488,2079,24
9912782850101488,2080,24
9912783740101488,2081,24
9912783880101488,2082,24
9912783980101488,2083,24
9912784040101488,2084,24
9912784150101488,2085,24
9912784260101488,2086,24
9912784410101488,2087,24
9912785450101488,2088,24
9912785610101488,2089,24
9912785800101488,2090,24
9912785810101488,2091,24
9912786310101488,2092,24
9912786510101488,2093,24
9912786810101488,2094,24
9912787000101488,2095,24
9912787050101488,2096,24
9912787220101488,2097,24
9912787360101488,2098,24
9912787500101488,2099,24
9912787740101488,2100,24
9912788060101488,2101,24
9912788130101488,2102,24
9912789230101488,2103,24
9912789330101488,2104,24
9912789430101488,2105,24
9912789510101488,2106,24
9912790220101488,2107,24
9912790330101488,2108,24
9912790420101488,2109,24
9912790680101488,2110,24
9912790720101488,2111,24
9912790780101488,2112,24
9912790830101488,2113,24
9912791210101488,2114,24
9912791280101488,2115,24
9912791340101488,2116,24
9912791440101488,2117,24
9912791510101488,2118,24
9912791790101488,2119,24
9912791870101488,2120,24
9912792450101488,2121,24
9912792770101488,2122,24
9912793180101488,2123,24
9912793320101488,2124,24
9912793600101488,2125,24
9912793720101488,2126,24
9912793950101488,2127,24
9912794380101488,2128,24
9912794930101488,2129,24
9912795120101488,2130,24
9912795340101488,2131,24
9912795410101488,2132,24
9912795520101488,2133,24
9912796140101488,2134,24
9912796400101488,2135,24
9912796500101488,2136,24
9912796640101488,2137,24
9912796740101488,2138,24
9912796790101488,2139,24
9912796890101488,2140,24
9912796910101488,2141,24
9912796940101488,2142,24
9912796990101488,2143,24
9912797240101488,2144,24
9912797320101488,2145,24
9912797380101488,2146,24
9912797410101488,2147,24
9912797460101488,2148,24
9912797530101488,2149,24
9912797650101488,2150,24
9912797710101488,2151,24
9912797970101488,2152,24
9912798040101488,2153,24
9912798320101488,2154,24
9912798390101488,2155,24
9912798560101488,2156,24
9912798610101488,2157,24
9912798750101488,2158,24
9912798830101488,2159,24
9912798940101488,2160,24
9912798980101488,2161,24
9912799020101488,2162,24
9912799230101488,2163,24
9912799270101488,2164,24
9912799390101488,2165,24
9912799580101488,2166,24
9912799600101488,2167,24
9912799900101488,2168,24
9912799930101488,2169,24
9912800050101488,2170,24
9988960990101488,2171,24
9988961000101488,2172,24
9988961010101488,2173,24
9988961020101488,2174,24
9988961030101488,2175,24
9988961040101488,2176,24
9988961050101488,2177,24
9988961070101488,2178,24
9989012930101488,2179,24
9989029010101488,2180,24
9989029040101488,2181,24
9989029130101488,2182,24
9989029280101488,2183,24
9989029720101488,2184,24
9989029790101488,2185,24
9989029920101488,2186,24
9989030010101488,2187,24
9989045580101488,2188,24
9989045670101488,2189,24
9989045800101488,2190,24
9989045950101488,2191,24
9989046050101488,2192,24
9989046380101488,2193,24
9989046570101488,2194,24
9989046810101488,2195,24
9989047010101488,2196,24
9989047120101488,2197,24
9989047200101488,2198,24
9989047270101488,2199,24
9989047390101488,2200,24
9989047470101488,2201,24
9989047570101488,2202,24
9989047610101488,2203,24
9989047820101488,2204,24
9989047870101488,2205,24
9989056730101488,2206,24
9989056770101488,2207,24
9989056780101488,2208,24
9989056800101488,2209,24
9989056810101488,2210,24
9989058940101488,2211,24
9989059690101488,2212,24
9989059700101488,2213,24
9989059720101488,2214,24
9989059790101488,2215,24
9989059810101488,2216,24
9989059830101488,2217,24
9989059860101488,2218,24
9989059880101488,2219,24
9989061210101488,2220,24
9989061230101488,2221,24
9989061460101488,2222,24
9989061570101488,2223,24
9989061680101488,2224,24
9989061740101488,2225,24
9989061870101488,2226,24
9989062350101488,2227,24
9989062410101488,2228,24
9989062520101488,2229,24
9989062590101488,2230,24
9989062630101488,2231,24
9989062830101488,2232,24
9989062900101488,2233,24
9989062920101488,2234,24
9989062960101488,2235,24
9989063000101488,2236,24
9989063040101488,2237,24
9989063080101488,2238,24
9989063130101488,2239,24
9989063220101488,2240,24
9989063260101488,2241,24
9989074080101488,2242,24
9989074090101488,2243,24
9989074100101488,2244,24
9989074110101488,2245,24
9989074120101488,2246,24
9989074130101488,2247,24
9989074160101488,2248,24
9989074180101488,2249,24
9989074280101488,2250,24
9989074290101488,2251,24
9989074380101488,2252,24
9989074410101488,2253,24
9989074460101488,2254,24
9989074520101488,2255,24
9989074590101488,2256,24
9989074620101488,2257,24
9989074750101488,2258,24
9989074810101488,2259,24
9989074860101488,2260,24
9989074900101488,2261,24
9989074960101488,2262,24
9989075680101488,2263,24
9989101490101488,2264,24
9989101560101488,2265,24
9989101570101488,2266,24
9989101620101488,2267,24
9989101640101488,2268,24
9989101670101488,2269,24
9991647390101488,2270,24
9991647450101488,2271,24
9991647530101488,2272,24
9991647670101488,2273,24
9991647700101488,2274,24
9991647750101488,2275,24
9991647970101488,2276,24
9991647990101488,2277,24
9991648090101488,2278,24
9991648120101488,2279,24
9991655450101488,2280,24
9991655480101488,2281,24
9991656500101488,2282,24
9991656550101488,2283,24
9991656610101488,2284,24
9991656640101488,2285,24
9991656660101488,2286,24
9991656680101488,2287,24
9991656700101488,2288,24
9991656730101488,2289,24
9991656780101488,2290,24
9991656830101488,2291,24
9991657000101488,2292,24
9991657050101488,2293,24
9991657110101488,2294,24
9991657170101488,2295,24
9991657190101488,2296,24
9991657220101488,2297,24
9991812790101488,2298,24
9991812940101488,2299,24
9991814080101488,2300,24
9991814140101488,2301,24
9991814350101488,2302,24
9991814460101488,2303,24
9991814570101488,2304,24
9991814850101488,2305,24
9991814900101488,2306,24
9991815480101488,2307,24
9991815500101488,2308,24
9991815710101488,2309,24
9991815920101488,2310,24
9991815990101488,2311,24
9991816010101488,2312,24
9991816380101488,2313,24
9991816580101488,2314,24
9991816780101488,2315,24
9991816940101488,2316,24
9991817090101488,2317,24
9991817110101488,2318,24
9991817170101488,2319,24
9991817610101488,2320,24
9991817840101488,2321,24
9991817940101488,2322,24
9991817970101488,2323,24
9991818050101488,2324,24
9991818130101488,2325,24
9991818150101488,2326,24
9991824210101488,2327,24
9991824250101488,2328,24
9991826610101488,2329,24
9991826630101488,2330,24
9991826760101488,2331,24
9991826980101488,2332,24
9991827440101488,2333,24
9991827720101488,2334,24
9991827840101488,2335,24
9991827910101488,2336,24
9991827940101488,2337,24
9991830220101488,2338,24
9991830350101488,2339,24
9991830390101488,2340,24
9991830500101488,2341,24
9991830560101488,2342,24
9991830700101488,2343,24
9991830770101488,2344,24
9991830790101488,2345,24
9991830820101488,2346,24
9991831500101488,2347,24
9991831600101488,2348,24
9991831940101488,2349,24
9991831970101488,2350,24
9991832550101488,2351,24
9991832590101488,2352,24
9991832680101488,2353,24
9991832800101488,2354,24
9991832820101488,2355,24
9991832920101488,2356,24
9991833020101488,2357,24
9991833130101488,2358,24
9991833160101488,2359,24
9991833270101488,2360,24
9991833320101488,2361,24
9991833350101488,2362,24
9991833380101488,2363,24
9991833410101488,2364,24
9991833550101488,2365,24
9991833760101488,2366,24
9991833820101488,2367,24
9991834090101488,2368,24
9991834150101488,2369,24
9915659620101488,2370,24
9915659720101488,2371,24
9915659920101488,2372,24
9915660060101488,2373,24
9915661460101488,2374,24
9915661500101488,2375,24
9915661590101488,2376,24
9915662150101488,2377,24
9915662390101488,2378,24
9915662600101488,2379,24
9915662700101488,2380,24
9915662800101488,2381,24
9915662910101488,2382,24
9915662940101488,2383,24
9915663330101488,2384,24
9915663350101488,2385,24
9915663400101488,2386,24
9915663910101488,2387,24
9915664890101488,2388,24
9915665650101488,2389,24
9915665750101488,2390,24
9915668420101488,2391,24
9915668740101488,2392,24
9915668830101488,2393,24
9915669170101488,2394,24
9915669250101488,2395,24
9915889010101488,2396,24
9915889200101488,2397,24
9915889310101488,2398,24
9915889360101488,2399,24
9915889700101488,2400,24
9915889780101488,2401,24
9915890000101488,2402,24
9915890060101488,2403,24
9915890140101488,2404,24
9915890170101488,2405,24
9915890250101488,2406,24
9915890630101488,2407,24
9915890690101488,2408,24
9915890780101488,2409,24
9915890830101488,2410,24
9915890950101488,2411,24
9915891020101488,2412,24
9915891370101488,2413,24
9915891510101488,2414,24
9915891620101488,2415,24
9915891710101488,2416,24
9915891760101488,2417,24
9915892070101488,2418,24
9915892400101488,2419,24
9915893140101488,2420,24
9915893340101488,2421,24
9915893360101488,2422,24
9915893410101488,2423,24
9915893760101488,2424,24
9915893910101488,2425,24
9915894000101488,2426,24
9915894050101488,2427,24
9915894190101488,2428,24
9915894240101488,2429,24
9915894290101488,2430,24
9915894830101488,2431,24
9915895350101488,2432,24
9915895390101488,2433,24
9915895510101488,2434,24
9915895980101488,2435,24
9915896130101488,2436,24
9915896220101488,2437,24
9915896520101488,2438,24
9915896640101488,2439,24
9915897040101488,2440,24
9915897270101488,2441,24
9915897590101488,2442,24
9915898060101488,2443,24
9915898580101488,2444,24
9915898650101488,2445,24
9915898970101488,2446,24
9915899020101488,2447,24
9915899080101488,2448,24
9915899130101488,2449,24
9915899240101488,2450,24
9915899260101488,2451,24
9915899440101488,2452,24
9915899520101488,2453,24
9915899540101488,2454,24
9915899570101488,2455,24
9915899610101488,2456,24
9915899890101488,2457,24
9915900080101488,2458,24
9915900360101488,2459,24
9915900430101488,2460,24
9915901660101488,2461,24
9915902140101488,2462,24
9915902190101488,2463,24
9915902490101488,2464,24
9915902560101488,2465,24
9915902810101488,2466,24
9915903610101488,2467,24
9915903720101488,2468,24
9915903820101488,2469,24
9989565060101488,2470,24
9989565090101488,2471,24
9989565120101488,2472,24
9989565270101488,2473,24
9989565480101488,2474,24
9989565510101488,2475,24
9989565530101488,2476,24
9989565590101488,2477,24
9989571660101488,2478,24
9989571670101488,2479,24
9989571680101488,2480,24
9989571690101488,2481,24
9989571720101488,2482,24
9989571730101488,2483,24
9989571860101488,2484,24
9989572030101488,2485,24
9989572070101488,2486,24
9989572110101488,2487,24
9989572180101488,2488,24
9989572280101488,2489,24
9989572300101488,2490,24
9989572320101488,2491,24
9989572500101488,2492,24
9989572590101488,2493,24
9989572710101488,2494,24
9989573100101488,2495,24
9989573270101488,2496,24
9989573320101488,2497,24
9989573420101488,2498,24
9989574330101488,2499,24
9989574350101488,2500,24
9989574390101488,2501,24
9989574440101488,2502,24
9989574490101488,2503,24
9989574500101488,2504,24
9989574520101488,2505,24
9989574550101488,2506,24
9989574570101488,2507,24
9989574620101488,2508,24
9989574640101488,2509,24
9989574720101488,2510,24
9989574890101488,2511,24
9989574980101488,2512,24
9989575020101488,2513,24
9989575150101488,2514,24
9989575180101488,2515,24
9989575220101488,2516,24
9989575260101488,2517,24
9989575290101488,2518,24
9989575430101488,2519,24
9989575580101488,2520,24
9989575630101488,2521,24
9989575650101488,2522,24
9989575720101488,2523,24
9989575770101488,2524,24
9989575820101488,2525,24
9989575910101488,2526,24
9989575950101488,2527,24
9989576060101488,2528,24
9989576120101488,2529,24
9989576170101488,2530,24
9989576230101488,2531,24
9989577100101488,2532,24
9989577240101488,2533,24
9989577330101488,2534,24
9989577390101488,2535,24
9989587730101488,2536,24
9989587770101488,2537,24
9989587800101488,2538,24
9989587830101488,2539,24
9989588230101488,2540,24
9989588250101488,2541,24
9989707000101488,2542,24
9989707050101488,2543,24
9989707100101488,2544,24
9989718000101488,2545,24
9989718010101488,2546,24
9989718020101488,2547,24
9989718030101488,2548,24
9989718040101488,2549,24
9989718050101488,2550,24
9989718070101488,2551,24
9989718390101488,2552,24
9989718420101488,2553,24
9989718560101488,2554,24
9989718620101488,2555,24
9989718740101488,2556,24
9989718800101488,2557,24
9989718830101488,2558,24
9989718850101488,2559,24
9989718910101488,2560,24
9989718970101488,2561,24
9989719130101488,2562,24
9989719590101488,2563,24
9989735950101488,2564,24
9989735980101488,2565,24
9989736010101488,2566,24
9989736040101488,2567,24
9989736090101488,2568,24
9989736170101488,2569,24
9912566800101488,2570,24
9912749650101488,2571,24
9912749830101488,2572,24
9912750030101488,2573,24
9912750730101488,2574,24
9912750880101488,2575,24
9912751020101488,2576,24
9912751150101488,2577,24
9912751230101488,2578,24
9912751400101488,2579,24
9912751450101488,2580,24
9912751500101488,2581,24
9912751540101488,2582,24
9912751620101488,2583,24
9912751700101488,2584,24
9912751730101488,2585,24
9912751870101488,2586,24
9912752090101488,2587,24
9912752260101488,2588,24
9912752440101488,2589,24
9912752480101488,2590,24
9912752910101488,2591,24
9912753530101488,2592,24
9912753720101488,2593,24
9912753750101488,2594,24
9912753800101488,2595,24
9912754290101488,2596,24
9912754400101488,2597,24
9912754640101488,2598,24
9912754700101488,2599,24
9912755700101488,2600,24
9912755780101488,2601,24
9912755840101488,2602,24
9912755850101488,2603,24
9912756090101488,2604,24
9912756140101488,2605,24
9912756200101488,2606,24
9912756310101488,2607,24
9912756480101488,2608,24
9912756600101488,2609,24
9912756760101488,2610,24
9912756850101488,2611,24
9912757700101488,2612,24
9912757790101488,2613,24
9912758020101488,2614,24
9912758470101488,2615,24
9912758560101488,2616,24
9912758690101488,2617,24
9912758870101488,2618,24
9912758990101488,2619,24
9912759820101488,2620,24
9912759990101488,2621,24
9912760430101488,2622,24
9912913270101488,2623,24
9912913520101488,2624,24
9912913690101488,2625,24
9912915160101488,2626,24
9912916460101488,2627,24
9912916540101488,2628,24
9912916610101488,2629,24
9912916650101488,2630,24
9912916750101488,2631,24
9912916900101488,2632,24
9912916940101488,2633,24
9912917640101488,2634,24
9912917730101488,2635,24
9912917780101488,2636,24
9912917820101488,2637,24
9912918620101488,2638,24
9912918680101488,2639,24
9912919120101488,2640,24
9912919540101488,2641,24
9912919570101488,2642,24
9912919620101488,2643,24
9912919650101488,2644,24
9912919710101488,2645,24
9912919730101488,2646,24
9912919800101488,2647,24
9912919900101488,2648,24
9912919950101488,2649,24
9912920160101488,2650,24
9912920550101488,2651,24
9912920720101488,2652,24
9912920730101488,2653,24
9912922590101488,2654,24
9912922750101488,2655,24
9912922880101488,2656,24
9912922940101488,2657,24
9912923190101488,2658,24
9912923310101488,2659,24
9912923740101488,2660,24
9912923800101488,2661,24
9912923880101488,2662,24
9912931700101488,2663,24
9912931850101488,2664,24
9912932240101488,2665,24
9912932790101488,2666,24
9912932800101488,2667,24
9912932820101488,2668,24
9912932860101488,2669,24
9912817890101488,2670,24
9912817960101488,2671,24
9912818220101488,2672,24
9912818410101488,2673,24
9912818470101488,2674,24
9912818600101488,2675,24
9912818640101488,2676,24
9912818870101488,2677,24
9912819070101488,2678,24
9912819100101488,2679,24
9912819490101488,2680,24
9912819660101488,2681,24
9912819780101488,2682,24
9912821850101488,2683,24
9912821930101488,2684,24
9912822160101488,2685,24
9912822510101488,2686,24
9912822730101488,2687,24
9912823250101488,2688,24
9912823420101488,2689,24
9912823570101488,2690,24
9912824230101488,2691,24
9912828680101488,2692,24
9912829450101488,2693,24
9912830230101488,2694,24
9912830430101488,2695,24
9912830630101488,2696,24
9912831320101488,2697,24
9912831370101488,2698,24
9912831440101488,2699,24
9912831530101488,2700,24
9912831620101488,2701,24
9912831890101488,2702,24
9912832400101488,2703,24
9912832510101488,2704,24
9912833960101488,2705,24
9912834180101488,2706,24
9912834830101488,2707,24
9912835040101488,2708,24
9912835160101488,2709,24
9912835610101488,2710,24
9912835660101488,2711,24
9912835820101488,2712,24
9912836140101488,2713,24
9912836710101488,2714,24
9912836840101488,2715,24
9912837730101488,2716,24
9912837820101488,2717,24
9912837860101488,2718,24
9912838310101488,2719,24
9912838470101488,2720,24
9912838550101488,2721,24
9912838640101488,2722,24
9912838770101488,2723,24
9912838810101488,2724,24
9912839320101488,2725,24
9912839510101488,2726,24
9912839690101488,2727,24
9912839730101488,2728,24
9912839790101488,2729,24
9912840420101488,2730,24
9912840620101488,2731,24
9912840660101488,2732,24
9912840910101488,2733,24
9912840960101488,2734,24
9912841280101488,2735,24
9912841330101488,2736,24
9912900140101488,2737,24
9912908450101488,2738,24
9912908770101488,2739,24
9912910660101488,2740,24
9912911410101488,2741,24
9912911480101488,2742,24
9912911830101488,2743,24
9912912040101488,2744,24
9912912340101488,2745,24
9912912470101488,2746,24
9912912700101488,2747,24
9912913600101488,2748,24
9912914360101488,2749,24
9912914460101488,2750,24
9912914530101488,2751,24
9912914760101488,2752,24
9912914880101488,2753,24
9912915000101488,2754,24
9912915060101488,2755,24
9912915560101488,2756,24
9912915650101488,2757,24
9912915990101488,2758,24
9912916710101488,2759,24
9912916730101488,2760,24
9912916880101488,2761,24
9912916890101488,2762,24
9912917510101488,2763,24
9912917570101488,2764,24
9912917940101488,2765,24
9912918520101488,2766,24
9912918810101488,2767,24
9912918870101488,2768,24
9912918970101488,2769,24
9912800260101488,2770,24
9912800310101488,2771,24
9912800430101488,2772,24
9912800450101488,2773,24
9912800470101488,2774,24
9912800650101488,2775,24
9912800740101488,2776,24
9912800900101488,2777,24
9912801410101488,2778,24
9912801740101488,2779,24
9912802240101488,2780,24
9912802310101488,2781,24
9912802620101488,2782,24
9912802690101488,2783,24
9912802830101488,2784,24
9912802860101488,2785,24
9912803110101488,2786,24
9912803240101488,2787,24
9912803310101488,2788,24
9912803420101488,2789,24
9912803510101488,2790,24
9912803540101488,2791,24
9912804010101488,2792,24
9912804170101488,2793,24
9912804480101488,2794,24
9912804800101488,2795,24
9912805240101488,2796,24
9912805290101488,2797,24
9912805320101488,2798,24
9912806000101488,2799,24
9912806710101488,2800,24
9912806790101488,2801,24
9912806820101488,2802,24
9912807130101488,2803,24
9912807760101488,2804,24
9912807790101488,2805,24
9912808440101488,2806,24
9912808530101488,2807,24
9912808600101488,2808,24
9912808650101488,2809,24
9912808860101488,2810,24
9912809220101488,2811,24
9912809270101488,2812,24
9912809800101488,2813,24
9912809820101488,2814,24
9912810030101488,2815,24
9912810500101488,2816,24
9912811140101488,2817,24
9912811600101488,2818,24
9912812230101488,2819,24
9912812850101488,2820,24
9912813320101488,2821,24
9912813420101488,2822,24
9912813450101488,2823,24
9912815720101488,2824,24
9912815850101488,2825,24
9912816010101488,2826,24
9912816060101488,2827,24
9912816140101488,2828,24
9912816330101488,2829,24
9912816410101488,2830,24
9912816810101488,2831,24
9912817250101488,2832,24
9912817810101488,2833,24
9912818040101488,2834,24
9912818210101488,2835,24
9912818560101488,2836,24
9912818670101488,2837,24
9912818820101488,2838,24
9912818960101488,2839,24
9912818970101488,2840,24
9912819130101488,2841,24
9912819170101488,2842,24
9912819310101488,2843,24
9912819570101488,2844,24
9912819600101488,2845,24
9912819630101488,2846,24
9912819760101488,2847,24
9912819790101488,2848,24
9912819810101488,2849,24
9912819840101488,2850,24
9912821690101488,2851,24
9912821750101488,2852,24
9912821820101488,2853,24
9912822490101488,2854,24
9912822590101488,2855,24
9912822640101488,2856,24
9912822670101488,2857,24
9912822820101488,2858,24
9912823050101488,2859,24
9912823180101488,2860,24
9912823340101488,2861,24
9912823470101488,2862,24
9912823520101488,2863,24
9912823610101488,2864,24
9912824090101488,2865,24
9912824140101488,2866,24
9912824170101488,2867,24
9912824250101488,2868,24
9912824290101488,2869,24
9991555860101488,2870,24
9991589270101488,2871,24
9991591180101488,2872,24
9991649190101488,2873,24
9991649300101488,2874,24
9991649440101488,2875,24
9991649660101488,2876,24
9991649800101488,2877,24
9991650310101488,2878,24
9991650350101488,2879,24
9991650360101488,2880,24
9991650400101488,2881,24
9991650430101488,2882,24
9991650460101488,2883,24
9991651440101488,2884,24
9991651480101488,2885,24
9991652150101488,2886,24
9991652230101488,2887,24
9991653850101488,2888,24
9991653860101488,2889,24
9991653880101488,2890,24
9991653950101488,2891,24
9991653990101488,2892,24
9991654030101488,2893,24
9991654040101488,2894,24
9991654060101488,2895,24
9991656930101488,2896,24
9991657150101488,2897,24
9991812250101488,2898,24
9991812260101488,2899,24
9991812290101488,2900,24
9991812320101488,2901,24
9991812350101488,2902,24
9991812390101488,2903,24
9991812410101488,2904,24
9991812450101488,2905,24
9991812490101488,2906,24
9991812600101488,2907,24
9991812660101488,2908,24
9991812870101488,2909,24
9991812970101488,2910,24
9991813010101488,2911,24
9991813100101488,2912,24
9991814200101488,2913,24
9991814260101488,2914,24
9991814620101488,2915,24
9991814680101488,2916,24
9991814730101488,2917,24
9991814820101488,2918,24
9991815420101488,2919,24
9991815450101488,2920,24
9991815530101488,2921,24
9991815570101488,2922,24
9991815620101488,2923,24
9991815650101488,2924,24
9991815680101488,2925,24
9991815690101488,2926,24
9991815750101488,2927,24
9991815770101488,2928,24
9991815780101488,2929,24
9991815800101488,2930,24
9991815810101488,2931,24
9991815830101488,2932,24
9991815860101488,2933,24
9991815880101488,2934,24
9991815950101488,2935,24
9991816050101488,2936,24
9991816240101488,2937,24
9991816350101488,2938,24
9991816430101488,2939,24
9991816480101488,2940,24
9991816530101488,2941,24
9991816630101488,2942,24
9991816680101488,2943,24
9991816860101488,2944,24
9991817020101488,2945,24
9991817050101488,2946,24
9991817220101488,2947,24
9991817260101488,2948,24
9991817650101488,2949,24
9991817680101488,2950,24
9991817730101488,2951,24
9991817780101488,2952,24
9991817810101488,2953,24
9991817910101488,2954,24
9991817960101488,2955,24
9991818080101488,2956,24
9991824130101488,2957,24
9991824160101488,2958,24
9991824180101488,2959,24
9991824190101488,2960,24
9991824230101488,2961,24
9991824270101488,2962,24
9991824300101488,2963,24
9991824320101488,2964,24
9991824340101488,2965,24
9991824350101488,2966,24
9991824360101488,2967,24
9991824420101488,2968,24
9991824540101488,2969,24
996476620101488,2970,24
996491390101488,2971,24
996491520101488,2972,24
996491950101488,2973,24
996492060101488,2974,24
996493840101488,2975,24
996493930101488,2976,24
996494050101488,2977,24
996494140101488,2978,24
996494660101488,2979,24
996494880101488,2980,24
996494980101488,2981,24
996495900101488,2982,24
996495960101488,2983,24
996497610101488,2984,24
996497660101488,2985,24
996497750101488,2986,24
996498000101488,2987,24
996505450101488,2988,24
996519610101488,2989,24
996519770101488,2990,24
996519810101488,2991,24
996519850101488,2992,24
996554770101488,2993,24
996567860101488,2994,24
996573820101488,2995,24
996609360101488,2996,24
996651850101488,2997,24
996663550101488,2998,24
996676720101488,2999,24
9922904600101488,3000,24
9922904720101488,3001,24
9922904750101488,3002,24
9922904870101488,3003,24
9922904920101488,3004,24
9922904930101488,3005,24
9922905410101488,3006,24
9922905460101488,3007,24
9922905810101488,3008,24
9922908380101488,3009,24
9922908500101488,3010,24
9922908770101488,3011,24
9922909160101488,3012,24
9970174930101488,3013,24
9975253310101488,3014,24
9981133620101488,3015,24
9981133700101488,3016,24
9981133700101488,3017,24
9981133840101488,3018,24
9981133880101488,3019,24
9981133890101488,3020,24
9987994920101488,3021,24
9987998620101488,3022,24
9987999360101488,3023,24
9987999600101488,3024,24
9987999720101488,3025,24
9988070540101488,3026,24
9988961060101488,3027,24
9988961360101488,3028,24
9988961430101488,3029,24
9988961440101488,3030,24
9988961450101488,3031,24
9988961460101488,3032,24
9988961470101488,3033,24
9989028980101488,3034,24
9989029090101488,3035,24
9989029170101488,3036,24
9989029200101488,3037,24
9989029330101488,3038,24
9989029380101488,3039,24
9989029540101488,3040,24
9989029590101488,3041,24
9989029870101488,3042,24
9989029970101488,3043,24
9989045710101488,3044,24
9989045770101488,3045,24
9989046000101488,3046,24
9989046130101488,3047,24
9989046230101488,3048,24
9989046440101488,3049,24
9989046520101488,3050,24
9989046890101488,3051,24
9989046950101488,3052,24
9989047510101488,3053,24
9989047670101488,3054,24
9989047720101488,3055,24
9989047750101488,3056,24
9989047770101488,3057,24
9989047780101488,3058,24
9989047790101488,3059,24
9989047890101488,3060,24
9989056740101488,3061,24
9989056910101488,3062,24
9989057030101488,3063,24
9989057830101488,3064,24
9989057930101488,3065,24
9989058000101488,3066,24
9989058320101488,3067,24
9989058350101488,3068,24
9989058610101488,3069,24
9992323301801488,3070,24
9915904260101488,3071,24
9915904290101488,3072,24
9915904740101488,3073,24
9915904840101488,3074,24
9915905660101488,3075,24
9915905780101488,3076,24
9915906070101488,3077,24
9915906130101488,3078,24
9915906250101488,3079,24
9915906640101488,3080,24
9915906770101488,3081,24
9915906900101488,3082,24
9915907120101488,3083,24
9915907170101488,3084,24
9915907190101488,3085,24
9915907310101488,3086,24
9915907430101488,3087,24
9915907550101488,3088,24
9915907690101488,3089,24
9915907780101488,3090,24
9915907830101488,3091,24
9915908000101488,3092,24
9915908030101488,3093,24
9915908340101488,3094,24
9915909510101488,3095,24
9915909750101488,3096,24
9915911360101488,3097,24
9915911420101488,3098,24
9915911490101488,3099,24
9915997270101488,3100,24
9915997510101488,3101,24
9915997610101488,3102,24
9915998070101488,3103,24
9915998130101488,3104,24
9915998240101488,3105,24
9915998320101488,3106,24
9915998390101488,3107,24
9915998460101488,3108,24
9915998500101488,3109,24
9915998540101488,3110,24
9915998590101488,3111,24
9915999020101488,3112,24
9915999040101488,3113,24
9915999100101488,3114,24
9915999140101488,3115,24
9915999210101488,3116,24
9915999260101488,3117,24
9915999340101488,3118,24
9915999390101488,3119,24
9915999570101488,3120,24
9915999660101488,3121,24
9915999760101488,3122,24
9915999910101488,3123,24
9915999940101488,3124,24
9915999950101488,3125,24
9915999980101488,3126,24
9916000330101488,3127,24
9916000390101488,3128,24
9916000450101488,3129,24
9916000490101488,3130,24
9916000530101488,3131,24
9916000560101488,3132,24
9916000600101488,3133,24
9916000640101488,3134,24
9916000640101488,3135,24
9916001030101488,3136,24
9916001060101488,3137,24
9916001340101488,3138,24
9916001380101488,3139,24
9916001520101488,3140,24
9916001640101488,3141,24
9916001700101488,3142,24
9916001750101488,3143,24
9916001800101488,3144,24
9916002150101488,3145,24
9916002220101488,3146,24
9916002260101488,3147,24
9916002310101488,3148,24
9916002490101488,3149,24
9916003500101488,3150,24
9916003510101488,3151,24
9916003790101488,3152,24
9916003830101488,3153,24
9916003850101488,3154,24
9916003870101488,3155,24
9916003980101488,3156,24
9916004020101488,3157,24
9916004250101488,3158,24
9916004360101488,3159,24
9916004490101488,3160,24
9916004560101488,3161,24
9916004780101488,3162,24
9916004830101488,3163,24
9916004910101488,3164,24
9916005340101488,3165,24
9916005640101488,3166,24
9916007280101488,3167,24
9916007360101488,3168,24
9916007560101488,3169,24
9916008460101488,3170,24
9916008540101488,3171,24
9915587960101488,3172,24
9915588010101488,3173,24
9915588300101488,3174,24
9915588620101488,3175,24
9915588670101488,3176,24
9915589040101488,3177,24
9915589470101488,3178,24
9915589520101488,3179,24
9915589560101488,3180,24
9915590010101488,3181,24
9915590210101488,3182,24
9915590280101488,3183,24
9915591170101488,3184,24
9915591620101488,3185,24
9915592410101488,3186,24
9915592450101488,3187,24
9915592480101488,3188,24
9915592550101488,3189,24
9915592740101488,3190,24
9915592790101488,3191,24
9915592840101488,3192,24
9915592900101488,3193,24
9915593010101488,3194,24
9915593410101488,3195,24
9915593420101488,3196,24
9915593450101488,3197,24
9915594260101488,3198,24
9915594480101488,3199,24
9915595120101488,3200,24
9915595370101488,3201,24
9915595450101488,3202,24
9915595650101488,3203,24
9915595720101488,3204,24
9915595800101488,3205,24
9915596220101488,3206,24
9915596250101488,3207,24
9915596490101488,3208,24
9915596900101488,3209,24
9915597390101488,3210,24
9915597480101488,3211,24
9915597980101488,3212,24
9915598040101488,3213,24
9915598080101488,3214,24
9915598170101488,3215,24
9915598360101488,3216,24
9915598430101488,3217,24
9915600500101488,3218,24
9915600800101488,3219,24
9915601190101488,3220,24
9915601670101488,3221,24
9915601760101488,3222,24
9915601890101488,3223,24
9915602030101488,3224,24
9915602130101488,3225,24
9915602220101488,3226,24
9915602730101488,3227,24
9915602790101488,3228,24
9915602910101488,3229,24
9915604670101488,3230,24
9915604690101488,3231,24
9915605140101488,3232,24
9915605180101488,3233,24
9915605210101488,3234,24
9915605520101488,3235,24
9915605570101488,3236,24
9915605750101488,3237,24
9915605830101488,3238,24
9915606130101488,3239,24
9915607920101488,3240,24
9915607960101488,3241,24
9915608220101488,3242,24
9915608570101488,3243,24
9915608700101488,3244,24
9915608890101488,3245,24
9915657180101488,3246,24
9915657420101488,3247,24
9915657460101488,3248,24
9915657710101488,3249,24
9915657760101488,3250,24
9915658100101488,3251,24
9915658120101488,3252,24
9915658510101488,3253,24
9915658680101488,3254,24
9915658720101488,3255,24
9915658970101488,3256,24
9915661390101488,3257,24
9915662220101488,3258,24
9915662540101488,3259,24
9915662880101488,3260,24
9915662960101488,3261,24
9915663180101488,3262,24
9915663220101488,3263,24
9915663390101488,3264,24
9915663860101488,3265,24
9915663960101488,3266,24
9915664180101488,3267,24
9915664760101488,3268,24
9915664970101488,3269,24
9915665030101488,3270,24
9915665080101488,3271,24
9991647470101488,3272,24
9991647500101488,3273,24
9991647620101488,3274,24
9991647660101488,3275,24
9991647920101488,3276,24
9991647950101488,3277,24
9991648030101488,3278,24
9991648060101488,3279,24
9991648800101488,3280,24
9991648900101488,3281,24
9991648950101488,3282,24
9991648970101488,3283,24
9991649020101488,3284,24
9991649050101488,3285,24
9991649140101488,3286,24
9991649260101488,3287,24
9991649350101488,3288,24
9991649390101488,3289,24
9991649500101488,3290,24
9991649520101488,3291,24
9991649570101488,3292,24
9991649710101488,3293,24
9991650420101488,3294,24
9991650470101488,3295,24
9991650510101488,3296,24
9991650560101488,3297,24
9991650650101488,3298,24
9991650730101488,3299,24
9991650780101488,3300,24
9991650820101488,3301,24
9991651230101488,3302,24
9991651280101488,3303,24
9991651320101488,3304,24
9991651390101488,3305,24
9991652070101488,3306,24
9991652090101488,3307,24
9991652270101488,3308,24
9991653840101488,3309,24
9991653870101488,3310,24
9991653900101488,3311,24
9991653910101488,3312,24
9991653920101488,3313,24
9991653930101488,3314,24
9991653960101488,3315,24
9991653970101488,3316,24
9991653980101488,3317,24
9991654010101488,3318,24
9991654050101488,3319,24
9991655370101488,3320,24
9991655390101488,3321,24
9991655430101488,3322,24
9991827330101488,3323,24
9991827400101488,3324,24
9991827480101488,3325,24
9991827510101488,3326,24
9991827580101488,3327,24
9991827600101488,3328,24
9991827650101488,3329,24
9991827680101488,3330,24
9991827690101488,3331,24
9991827750101488,3332,24
9991827770101488,3333,24
9991827800101488,3334,24
9991827880101488,3335,24
9991829920101488,3336,24
9991830180101488,3337,24
9991830270101488,3338,24
9991831650101488,3339,24
9991832620101488,3340,24
9991832730101488,3341,24
9991832750101488,3342,24
9991832850101488,3343,24
9991832980101488,3344,24
9991833080101488,3345,24
9991833470101488,3346,24
9991833630101488,3347,24
9991833730101488,3348,24
9991833790101488,3349,24
9991833870101488,3350,24
9991833950101488,3351,24
9991834010101488,3352,24
9991834050101488,3353,24
9991839470101488,3354,24
9991839480101488,3355,24
9991839550101488,3356,24
9991839590101488,3357,24
9991840200101488,3358,24
9991840240101488,3359,24
9991840620101488,3360,24
9991840780101488,3361,24
9991841040101488,3362,24
9991841100101488,3363,24
9991841170101488,3364,24
9991881250101488,3365,24
9991881290101488,3366,24
9991881360101488,3367,24
9991881490101488,3368,24
9991881540101488,3369,24
9991882030101488,3370,24
9991882080101488,3371,24
9912752560101488,3372,24
9912753000101488,3373,24
9912753400101488,3374,24
9912753470101488,3375,24
9912753590101488,3376,24
9912753770101488,3377,24
9912753880101488,3378,24
9912754000101488,3379,24
9912754020101488,3380,24
9912754150101488,3381,24
9912754200101488,3382,24
9912754540101488,3383,24
9912754780101488,3384,24
9912755070101488,3385,24
9912755140101488,3386,24
9912755210101488,3387,24
9912755550101488,3388,24
9912755590101488,3389,24
9912755640101488,3390,24
9912755810101488,3391,24
9912755870101488,3392,24
9912755890101488,3393,24
9912756020101488,3394,24
9912756040101488,3395,24
9912756050101488,3396,24
9912756060101488,3397,24
9912756080101488,3398,24
9912756120101488,3399,24
9912756370101488,3400,24
9912756690101488,3401,24
9912756940101488,3402,24
9912757920101488,3403,24
9912759060101488,3404,24
9912759140101488,3405,24
9912759170101488,3406,24
9912759200101488,3407,24
9912759230101488,3408,24
9912759610101488,3409,24
9912759630101488,3410,24
9912759930101488,3411,24
9912760110101488,3412,24
9912760320101488,3413,24
9912760890101488,3414,24
9912761020101488,3415,24
9912761920101488,3416,24
9912762390101488,3417,24
9912763000101488,3418,24
9912763320101488,3419,24
9912764070101488,3420,24
9912764180101488,3421,24
9912764320101488,3422,24
9912764350101488,3423,24
9912764420101488,3424,24
9912764730101488,3425,24
9912765000101488,3426,24
9912765200101488,3427,24
9912765420101488,3428,24
9912767620101488,3429,24
9912767680101488,3430,24
9912767890101488,3431,24
9912767960101488,3432,24
9912768010101488,3433,24
9912768200101488,3434,24
9912768480101488,3435,24
9912768640101488,3436,24
9912768810101488,3437,24
9912768880101488,3438,24
9912768950101488,3439,24
9912768990101488,3440,24
9912769050101488,3441,24
9912769140101488,3442,24
9912769210101488,3443,24
9912770040101488,3444,24
9912770130101488,3445,24
9912770190101488,3446,24
9912770380101488,3447,24
9912771180101488,3448,24
9912771250101488,3449,24
9912771350101488,3450,24
9912771460101488,3451,24
9912771510101488,3452,24
9912771560101488,3453,24
9912772110101488,3454,24
9912772210101488,3455,24
9912772250101488,3456,24
9912772370101488,3457,24
9912772480101488,3458,24
9912772500101488,3459,24
9912772520101488,3460,24
9912772550101488,3461,24
9912772790101488,3462,24
9912772870101488,3463,24
9912773140101488,3464,24
9912776400101488,3465,24
9912776620101488,3466,24
9912777460101488,3467,24
9912777630101488,3468,24
9912777970101488,3469,24
9912778010101488,3470,24
9912778210101488,3471,24
9912919010101488,3472,24
9912919190101488,3473,24
9912919270101488,3474,24
9912919310101488,3475,24
9912919340101488,3476,24
9912919850101488,3477,24
9912920070101488,3478,24
9912920200101488,3479,24
9912920500101488,3480,24
9912920570101488,3481,24
9912920610101488,3482,24
9912920660101488,3483,24
9912920740101488,3484,24
9912920770101488,3485,24
9912920790101488,3486,24
9912920880101488,3487,24
9912921020101488,3488,24
9912921660101488,3489,24
9912921760101488,3490,24
9912922030101488,3491,24
9912922090101488,3492,24
9912923370101488,3493,24
9912923940101488,3494,24
9912924220101488,3495,24
9912924520101488,3496,24
9912925380101488,3497,24
9912925520101488,3498,24
9912925570101488,3499,24
9912925690101488,3500,24
9912925720101488,3501,24
9912925760101488,3502,24
9912931100101488,3503,24
9912931130101488,3504,24
9912931490101488,3505,24
9912931530101488,3506,24
9912931620101488,3507,24
9912931900101488,3508,24
9912931930101488,3509,24
9912932260101488,3510,24
9912932330101488,3511,24
9912932440101488,3512,24
9912933700101488,3513,24
9912933780101488,3514,24
9912933950101488,3515,24
9912938730101488,3516,24
9912938810101488,3517,24
9912938820101488,3518,24
9912938850101488,3519,24
9912938860101488,3520,24
9912938900101488,3521,24
9912938970101488,3522,24
9912939110101488,3523,24
9912939280101488,3524,24
9912939390101488,3525,24
9912940380101488,3526,24
9912940670101488,3527,24
9912940840101488,3528,24
9912940980101488,3529,24
9912941060101488,3530,24
9912941500101488,3531,24
9912941590101488,3532,24
9912941610101488,3533,24
9912941630101488,3534,24
9912947500101488,3535,24
9912948450101488,3536,24
9912948500101488,3537,24
9912948680101488,3538,24
9912948770101488,3539,24
9912952450101488,3540,24
9912952630101488,3541,24
9912952700101488,3542,24
9912952850101488,3543,24
9912952920101488,3544,24
9912952960101488,3545,24
9912952990101488,3546,24
9912953020101488,3547,24
9912953060101488,3548,24
9912953160101488,3549,24
9912953190101488,3550,24
9912953280101488,3551,24
9912953310101488,3552,24
9912953370101488,3553,24
9912953430101488,3554,24
9912953480101488,3555,24
9912954000101488,3556,24
9912954020101488,3557,24
9912954080101488,3558,24
9912954110101488,3559,24
9913040370101488,3560,24
9915582820101488,3561,24
9915582900101488,3562,24
9915583330101488,3563,24
9915583950101488,3564,24
9915583990101488,3565,24
9915585750101488,3566,24
9915585880101488,3567,24
9915586010101488,3568,24
9915586070101488,3569,24
9915587350101488,3570,24
9915587810101488,3571,24
9912760520101488,3572,24
9912760770101488,3573,24
9912760830101488,3574,24
9912761820101488,3575,24
9912761970101488,3576,24
9912762050101488,3577,24
9912762200101488,3578,24
9912762360101488,3579,24
9912762380101488,3580,24
9912762570101488,3581,24
9912762660101488,3582,24
9912763400101488,3583,24
9912763430101488,3584,24
9912763470101488,3585,24
9912764580101488,3586,24
9912764870101488,3587,24
9912764910101488,3588,24
9912764940101488,3589,24
9912765320101488,3590,24
9912766180101488,3591,24
9912766310101488,3592,24
9912766470101488,3593,24
9912767000101488,3594,24
9912767470101488,3595,24
9912767730101488,3596,24
9912767820101488,3597,24
9912768180101488,3598,24
9912768190101488,3599,24
9912768310101488,3600,24
9912768340101488,3601,24
9912768390101488,3602,24
9912768530101488,3603,24
9912768570101488,3604,24
9912768710101488,3605,24
9912769350101488,3606,24
9912769370101488,3607,24
9912769430101488,3608,24
9912769490101488,3609,24
9912769560101488,3610,24
9912769650101488,3611,24
9912769780101488,3612,24
9912769840101488,3613,24
9912769970101488,3614,24
9912771110101488,3615,24
9912771320101488,3616,24
9912771430101488,3617,24
9912771610101488,3618,24
9912771670101488,3619,24
9912772140101488,3620,24
9912772310101488,3621,24
9912772600101488,3622,24
9912772620101488,3623,24
9912772640101488,3624,24
9912772810101488,3625,24
9912772840101488,3626,24
9912772930101488,3627,24
9912773000101488,3628,24
9912773090101488,3629,24
9912775560101488,3630,24
9912775880101488,3631,24
9912776030101488,3632,24
9912776160101488,3633,24
9912776860101488,3634,24
9912777740101488,3635,24
9912777860101488,3636,24
9912778170101488,3637,24
9912778190101488,3638,24
9912778480101488,3639,24
9912779640101488,3640,24
9912779720101488,3641,24
9912779750101488,3642,24
9912781670101488,3643,24
9912781680101488,3644,24
9912781710101488,3645,24
9912781840101488,3646,24
9912782250101488,3647,24
9912782290101488,3648,24
9912782340101488,3649,24
9912782410101488,3650,24
9912783700101488,3651,24
9912783730101488,3652,24
9912783830101488,3653,24
9912783950101488,3654,24
9912784100101488,3655,24
9912784470101488,3656,24
9912785410101488,3657,24
9912785430101488,3658,24
9912785500101488,3659,24
9912785540101488,3660,24
9912785690101488,3661,24
9912785860101488,3662,24
9912785930101488,3663,24
9912786140101488,3664,24
9912786250101488,3665,24
9912786940101488,3666,24
9912788610101488,3667,24
9912788740101488,3668,24
9912788850101488,3669,24
9912790670101488,3670,24
9912790880101488,3671,24
9989549420101488,3672,24
9989549470101488,3673,24
9989549500101488,3674,24
9989549560101488,3675,24
9989549630101488,3676,24
9989549700101488,3677,24
9989550260101488,3678,24
9989550340101488,3679,24
9989550400101488,3680,24
9989550520101488,3681,24
9989550640101488,3682,24
9989550690101488,3683,24
9989550730101488,3684,24
9989550820101488,3685,24
9989551030101488,3686,24
9989551420101488,3687,24
9989553190101488,3688,24
9989553360101488,3689,24
9989554330101488,3690,24
9989554690101488,3691,24
9989555050101488,3692,24
9989555150101488,3693,24
9989555220101488,3694,24
9989555290101488,3695,24
9989555320101488,3696,24
9989555370101488,3697,24
9989555490101488,3698,24
9989555610101488,3699,24
9989555670101488,3700,24
9989555840101488,3701,24
9989556250101488,3702,24
9989556310101488,3703,24
9989556370101488,3704,24
9989557890101488,3705,24
9989557900101488,3706,24
9989557910101488,3707,24
9989557940101488,3708,24
9989557970101488,3709,24
9989557980101488,3710,24
9989558010101488,3711,24
9989558020101488,3712,24
9989558030101488,3713,24
9989558060101488,3714,24
9989558080101488,3715,24
9989558090101488,3716,24
9989558130101488,3717,24
9989558170101488,3718,24
9989558210101488,3719,24
9989558230101488,3720,24
9989558410101488,3721,24
9989563540101488,3722,24
9989563590101488,3723,24
9989563670101488,3724,24
9989563700101488,3725,24
9989564030101488,3726,24
9989564070101488,3727,24
9989564200101488,3728,24
9989564270101488,3729,24
9989564430101488,3730,24
9989564470101488,3731,24
9989564570101488,3732,24
9989564620101488,3733,24
9989564660101488,3734,24
9989564880101488,3735,24
9989564940101488,3736,24
9989564960101488,3737,24
9989565160101488,3738,24
9989565200101488,3739,24
9989565330101488,3740,24
9989565350101488,3741,24
9989565460101488,3742,24
9989571740101488,3743,24
9989571770101488,3744,24
9989571780101488,3745,24
9989571900101488,3746,24
9989571980101488,3747,24
9989572160101488,3748,24
9989572210101488,3749,24
9989572240101488,3750,24
9989572550101488,3751,24
9989572820101488,3752,24
9989572860101488,3753,24
9989573030101488,3754,24
9989573370101488,3755,24
9989573460101488,3756,24
9989574250101488,3757,24
9989574280101488,3758,24
9989574310101488,3759,24
9989574590101488,3760,24
9989574700101488,3761,24
9989574790101488,3762,24
9989574920101488,3763,24
9989575110101488,3764,24
9989575350101488,3765,24
9989575490101488,3766,24
9989575520101488,3767,24
9989575600101488,3768,24
9989576280101488,3769,24
9989576320101488,3770,24
9989576350101488,3771,24
9989248620101488,3772,24
9989248680101488,3773,24
9989248780101488,3774,24
9989248960101488,3775,24
9989249030101488,3776,24
9989249940101488,3777,24
9989250000101488,3778,24
9989250180101488,3779,24
9989250500101488,3780,24
9989251320101488,3781,24
9989251380101488,3782,24
9989251430101488,3783,24
9989251460101488,3784,24
9989251490101488,3785,24
9989251500101488,3786,24
9989251510101488,3787,24
9989251530101488,3788,24
9989251560101488,3789,24
9989251780101488,3790,24
9989252030101488,3791,24
9989252130101488,3792,24
9989252210101488,3793,24
9989252410101488,3794,24
9989252480101488,3795,24
9989252550101488,3796,24
9989252810101488,3797,24
9989252900101488,3798,24
9989253220101488,3799,24
9989253300101488,3800,24
9989253350101488,3801,24
9989259100101488,3802,24
9989259130101488,3803,24
9989259140101488,3804,24
9989290970101488,3805,24
9989291200101488,3806,24
9989291270101488,3807,24
9989291480101488,3808,24
9989291580101488,3809,24
9989291630101488,3810,24
9989291650101488,3811,24
9989291730101488,3812,24
9989291950101488,3813,24
9989292190101488,3814,24
9989292310101488,3815,24
9989292330101488,3816,24
9989292380101488,3817,24
9989292640101488,3818,24
9989292710101488,3819,24
9989293030101488,3820,24
9989293120101488,3821,24
9989293200101488,3822,24
9989293530101488,3823,24
9989293810101488,3824,24
9989294140101488,3825,24
9989294220101488,3826,24
9989294320101488,3827,24
9989294430101488,3828,24
9989294490101488,3829,24
9989294830101488,3830,24
9989294880101488,3831,24
9989294950101488,3832,24
9989295290101488,3833,24
9989295380101488,3834,24
9989295440101488,3835,24
9989295590101488,3836,24
9989316360101488,3837,24
9989316370101488,3838,24
9989316380101488,3839,24
9989316390101488,3840,24
9989316400101488,3841,24
9989316420101488,3842,24
9989316430101488,3843,24
9989316530101488,3844,24
9989316640101488,3845,24
9989316740101488,3846,24
9989316860101488,3847,24
9989316890101488,3848,24
9989316940101488,3849,24
9989317050101488,3850,24
9989317070101488,3851,24
9989317130101488,3852,24
9989317170101488,3853,24
9989317220101488,3854,24
9989317750101488,3855,24
9989317840101488,3856,24
9989317890101488,3857,24
9989318100101488,3858,24
9989318240101488,3859,24
9989318500101488,3860,24
9989322010101488,3861,24
9989322050101488,3862,24
9989322380101488,3863,24
9989322550101488,3864,24
9989323190101488,3865,24
9989323300101488,3866,24
9989323390101488,3867,24
9989323650101488,3868,24
9989323900101488,3869,24
9989324390101488,3870,24
9989368870101488,3871,24
9912933860101488,3872,24
9912938720101488,3873,24
9912938760101488,3874,24
9912939020101488,3875,24
9912939170101488,3876,24
9912939910101488,3877,24
9912940330101488,3878,24
9912940710101488,3879,24
9912940770101488,3880,24
9912941020101488,3881,24
9912941570101488,3882,24
9912946710101488,3883,24
9912947420101488,3884,24
9912948470101488,3885,24
9912948710101488,3886,24
9912948790101488,3887,24
9912952560101488,3888,24
9912952770101488,3889,24
9912953250101488,3890,24
9912954030101488,3891,24
9912954120101488,3892,24
9913039890101488,3893,24
9913040430101488,3894,24
9913041080101488,3895,24
9913104900101488,3896,24
9913105120101488,3897,24
9915583040101488,3898,24
9915583070101488,3899,24
9915583270101488,3900,24
9915583850101488,3901,24
9915583920101488,3902,24
9915584230101488,3903,24
9915584320101488,3904,24
9915584380101488,3905,24
9915584440101488,3906,24
9915584580101488,3907,24
9915584670101488,3908,24
9915584730101488,3909,24
9915584760101488,3910,24
9915585310101488,3911,24
9915585360101488,3912,24
9915585400101488,3913,24
9915585450101488,3914,24
9915585500101488,3915,24
9915585560101488,3916,24
9915585730101488,3917,24
9915585780101488,3918,24
9915586140101488,3919,24
9915586160101488,3920,24
9915586180101488,3921,24
9915586250101488,3922,24
9915586260101488,3923,24
9915587240101488,3924,24
9915587890101488,3925,24
9915588180101488,3926,24
9915588330101488,3927,24
9915588710101488,3928,24
9915588760101488,3929,24
9915588840101488,3930,24
9915588930101488,3931,24
9915589010101488,3932,24
9915589410101488,3933,24
9915590150101488,3934,24
9915591330101488,3935,24
9915592200101488,3936,24
9915593340101488,3937,24
9915593510101488,3938,24
9915594010101488,3939,24
9915595190101488,3940,24
9915596560101488,3941,24
9915596790101488,3942,24
9915596960101488,3943,24
9915598240101488,3944,24
9915599280101488,3945,24
9915600870101488,3946,24
9915603590101488,3947,24
9915604250101488,3948,24
9915604320101488,3949,24
9915604370101488,3950,24
9915604600101488,3951,24
9915604620101488,3952,24
9915605440101488,3953,24
9915605560101488,3954,24
9915605800101488,3955,24
9915605880101488,3956,24
9915606650101488,3957,24
9915607290101488,3958,24
9915608010101488,3959,24
9915608320101488,3960,24
9915608800101488,3961,24
9915657240101488,3962,24
9915657350101488,3963,24
9915657520101488,3964,24
9915658570101488,3965,24
9915658640101488,3966,24
9915658950101488,3967,24
9915659000101488,3968,24
9915659010101488,3969,24
9915659310101488,3970,24
9915659590101488,3971,24
9989251730101488,3972,24
9989252290101488,3973,24
9989252630101488,3974,24
9989252690101488,3975,24
9989253020101488,3976,24
9989259090101488,3977,24
9989259110101488,3978,24
9989259120101488,3979,24
9989272300101488,3980,24
9989290520101488,3981,24
9989290910101488,3982,24
9989291040101488,3983,24
9989291120101488,3984,24
9989291320101488,3985,24
9989291850101488,3986,24
9989292250101488,3987,24
9989292420101488,3988,24
9989292460101488,3989,24
9989292540101488,3990,24
9989292570101488,3991,24
9989292610101488,3992,24
9989292770101488,3993,24
9989427760101488,3994,24
9989427890101488,3995,24
9989427990101488,3996,24
9989428350101488,3997,24
9989428590101488,3998,24
9989429200101488,3999,24
9989429350101488,4000,24
9989429530101488,4001,24
9989429820101488,4002,24
9989429910101488,4003,24
9989430290101488,4004,24
9989430390101488,4005,24
9989430520101488,4006,24
9989445810101488,4007,24
9989445960101488,4008,24
9989446030101488,4009,24
9989446130101488,4010,24
9989446200101488,4011,24
9989446790101488,4012,24
9989447030101488,4013,24
9989447210101488,4014,24
9989447280101488,4015,24
9989447360101488,4016,24
9989447430101488,4017,24
9989447600101488,4018,24
9989447640101488,4019,24
9989447700101488,4020,24
9989447740101488,4021,24
9989447780101488,4022,24
9989447810101488,4023,24
9989447830101488,4024,24
9989447860101488,4025,24
9989447950101488,4026,24
9989448000101488,4027,24
9989448030101488,4028,24
9989448050101488,4029,24
9989448060101488,4030,24
9989448070101488,4031,24
9989448080101488,4032,24
9989448100101488,4033,24
9989448120101488,4034,24
9989453930101488,4035,24
9989453950101488,4036,24
9989453960101488,4037,24
9989454030101488,4038,24
9989454080101488,4039,24
9989454140101488,4040,24
9989454190101488,4041,24
9989454250101488,4042,24
9989454360101488,4043,24
9989454440101488,4044,24
9989454490101488,4045,24
9989454520101488,4046,24
9989454570101488,4047,24
9989454620101488,4048,24
9989454650101488,4049,24
9989454780101488,4050,24
9989454840101488,4051,24
9989454900101488,4052,24
9989467470101488,4053,24
9989467610101488,4054,24
9989467650101488,4055,24
9989467690101488,4056,24
9989467730101488,4057,24
9989467810101488,4058,24
9989471610101488,4059,24
9989471630101488,4060,24
9989471640101488,4061,24
9989471650101488,4062,24
9989471690101488,4063,24
9989471720101488,4064,24
9989471740101488,4065,24
9989471750101488,4066,24
9989471840101488,4067,24
9989486990101488,4068,24
9989487060101488,4069,24
9989487080101488,4070,24
9989487180101488,4071,24
9989487250101488,4072,24
9989487300101488,4073,24
9989487400101488,4074,24
9989487760101488,4075,24
9989488280101488,4076,24
9989488390101488,4077,24
9989488690101488,4078,24
9989488940101488,4079,24
9989489090101488,4080,24
9989489250101488,4081,24
9989489770101488,4082,24
9989489850101488,4083,24
9989489970101488,4084,24
9989490000101488,4085,24
9989490110101488,4086,24
9989490190101488,4087,24
9989490210101488,4088,24
9989490240101488,4089,24
9989490280101488,4090,24
9989490300101488,4091,24
9989501550101488,4092,24
9989501730101488,4093,24
9989501860101488,4094,24
9989502080101488,4095,24
9989502150101488,4096,24
9989502180101488,4097,24
9989502320101488,4098,24
9989502370101488,4099,24
9989522390101488,4100,24
9989522540101488,4101,24
9989524960101488,4102,24
9989525130101488,4103,24
9989525370101488,4104,24
9989525500101488,4105,24
9989525550101488,4106,24
9989525580101488,4107,24
9989525640101488,4108,24
9989525840101488,4109,24
9989528090101488,4110,24
9989528110101488,4111,24
9989528160101488,4112,24
9989528210101488,4113,24
9989528230101488,4114,24
9989528270101488,4115,24
9989528330101488,4116,24
9989528350101488,4117,24
9989528510101488,4118,24
9989528740101488,4119,24
9989528820101488,4120,24
9989529130101488,4121,24
9989529220101488,4122,24
9989529280101488,4123,24
9989529360101488,4124,24
9989529480101488,4125,24
9989529700101488,4126,24
9989529740101488,4127,24
9989529860101488,4128,24
9989529950101488,4129,24
9989530090101488,4130,24
9989530140101488,4131,24
9989530260101488,4132,24
9989530910101488,4133,24
9989530930101488,4134,24
9989531070101488,4135,24
9989531180101488,4136,24
9989531210101488,4137,24
9989531270101488,4138,24
9989532150101488,4139,24
9989532160101488,4140,24
9989532170101488,4141,24
9989532190101488,4142,24
9989543390101488,4143,24
9989543510101488,4144,24
9989543600101488,4145,24
9989543900101488,4146,24
9989544000101488,4147,24
9989544560101488,4148,24
9989545350101488,4149,24
9989545470101488,4150,24
9989545500101488,4151,24
9989545570101488,4152,24
9989545660101488,4153,24
9989545710101488,4154,24
9989545750101488,4155,24
9989549020101488,4156,24
9989576360101488,4157,24
9989576400101488,4158,24
9989576430101488,4159,24
9989576500101488,4160,24
9989576540101488,4161,24
9989576690101488,4162,24
9989576770101488,4163,24
9989576830101488,4164,24
9989576890101488,4165,24
9989576930101488,4166,24
9989576970101488,4167,24
9989577010101488,4168,24
9989577170101488,4169,24
9989588190101488,4170,24
9989588290101488,4171,24
9912824440101488,4172,24
9912824450101488,4173,24
9912824460101488,4174,24
9912828260101488,4175,24
9912828280101488,4176,24
9912828360101488,4177,24
9912828400101488,4178,24
9912828470101488,4179,24
9912828530101488,4180,24
9912829100101488,4181,24
9912829180101488,4182,24
9912829260101488,4183,24
9912829290101488,4184,24
9912829320101488,4185,24
9912829810101488,4186,24
9912829880101488,4187,24
9912830350101488,4188,24
9912830520101488,4189,24
9912830760101488,4190,24
9912830810101488,4191,24
9912830860101488,4192,24
9912831220101488,4193,24
9912831480101488,4194,24
9912831720101488,4195,24
9912831780101488,4196,24
9912832130101488,4197,24
9912832220101488,4198,24
9912832300101488,4199,24
9912832430101488,4200,24
9912832680101488,4201,24
9912832760101488,4202,24
9912832860101488,4203,24
9912833230101488,4204,24
9912833330101488,4205,24
9912833380101488,4206,24
9912833720101488,4207,24
9912833790101488,4208,24
9912833860101488,4209,24
9912833940101488,4210,24
9912834020101488,4211,24
9912834260101488,4212,24
9912834320101488,4213,24
9912834380101488,4214,24
9912834440101488,4215,24
9912834500101488,4216,24
9912834520101488,4217,24
9912834560101488,4218,24
9912834590101488,4219,24
9912834900101488,4220,24
9912835100101488,4221,24
9912835430101488,4222,24
9912835520101488,4223,24
9912835570101488,4224,24
9912835680101488,4225,24
9912836010101488,4226,24
9912836080101488,4227,24
9912837780101488,4228,24
9912838160101488,4229,24
9912838200101488,4230,24
9912838240101488,4231,24
9912838370101488,4232,24
9912838420101488,4233,24
9912838700101488,4234,24
9912839470101488,4235,24
9912840480101488,4236,24
9912840540101488,4237,24
9912840580101488,4238,24
9912840700101488,4239,24
9912840740101488,4240,24
9912840760101488,4241,24
9912840790101488,4242,24
9912840810101488,4243,24
9912840920101488,4244,24
9912840940101488,4245,24
9912840980101488,4246,24
9912867230101488,4247,24
9912867350101488,4248,24
9912880410101488,4249,24
9912907450101488,4250,24
9912908990101488,4251,24
9912909140101488,4252,24
9912909230101488,4253,24
9912909350101488,4254,24
9912909430101488,4255,24
9912909530101488,4256,24
9912909670101488,4257,24
9912910260101488,4258,24
9912910350101488,4259,24
9912910400101488,4260,24
9912910560101488,4261,24
9912910690101488,4262,24
9912910730101488,4263,24
9912911050101488,4264,24
9912911560101488,4265,24
9912911740101488,4266,24
9912911930101488,4267,24
9912912260101488,4268,24
9912912370101488,4269,24
9912912610101488,4270,24
9912913160101488,4271,24
9991826580101488,4272,24
9991826590101488,4273,24
9991826660101488,4274,24
9991826690101488,4275,24
9991826700101488,4276,24
9991826710101488,4277,24
9991826720101488,4278,24
9991826740101488,4279,24
9991826800101488,4280,24
9991826830101488,4281,24
9991826910101488,4282,24
9991827090101488,4283,24
9991827130101488,4284,24
9991827160101488,4285,24
9991827210101488,4286,24
9991839460101488,4287,24
9991839500101488,4288,24
9991839510101488,4289,24
9991839520101488,4290,24
9991839540101488,4291,24
9991839600101488,4292,24
9991839630101488,4293,24
9991840280101488,4294,24
9991840710101488,4295,24
9991841000101488,4296,24
9991841010101488,4297,24
9991841230101488,4298,24
9991841300101488,4299,24
9991841380101488,4300,24
9991841610101488,4301,24
9991881400101488,4302,24
9991887500101488,4303,24
9991887520101488,4304,24
9991887540101488,4305,24
9991887590101488,4306,24
9991887720101488,4307,24
9991887750101488,4308,24
9991887770101488,4309,24
9992118002201488,4310,24
9992138672701488,4311,24
9992138673301488,4312,24
9992139609501488,4313,24
9992153307101488,4314,24
9992153307501488,4315,24
9992153307601488,4316,24
9992153307701488,4317,24
9992153307801488,4318,24
9992153307901488,4319,24
9992153308101488,4320,24
9992153309101488,4321,24
9992153309301488,4322,24
9992153309401488,4323,24
9992153309501488,4324,24
9992153309701488,4325,24
9992153309901488,4326,24
9992153310101488,4327,24
9992326706801488,4328,24
9912932890101488,4329,24
9912933550101488,4330,24
9912933850101488,4331,24
9915910930101488,4332,24
9915910980101488,4333,24
9915911020101488,4334,24
9915911310101488,4335,24
9915911540101488,4336,24
9915914280101488,4337,24
9915996550101488,4338,24
9915997130101488,4339,24
9915997400101488,4340,24
9915997990101488,4341,24
9915999170101488,4342,24
9915999420101488,4343,24
9915999460101488,4344,24
9915999480101488,4345,24
9915999880101488,4346,24
9916000950101488,4347,24
9916000980101488,4348,24
9916001100101488,4349,24
9916001140101488,4350,24
9916004300101488,4351,24
9916004450101488,4352,24
9916004510101488,4353,24
9916004620101488,4354,24
9916004630101488,4355,24
9916004640101488,4356,24
9916004870101488,4357,24
9916004950101488,4358,24
9916005260101488,4359,24
9916005680101488,4360,24
9916005690101488,4361,24
9916005720101488,4362,24
9916006550101488,4363,24
9916006700101488,4364,24
9916006770101488,4365,24
9916006820101488,4366,24
9916007200101488,4367,24
9916007210101488,4368,24
9916007240101488,4369,24
9916007310101488,4370,24
9916007400101488,4371,24
9916008140101488,4372,24
9916008160101488,4373,24
9916008200101488,4374,24
9916008610101488,4375,24
9916008640101488,4376,24
9916008730101488,4377,24
9916008750101488,4378,24
9916008870101488,4379,24
9916008930101488,4380,24
9916009500101488,4381,24
9916009770101488,4382,24
9916009980101488,4383,24
9916010040101488,4384,24
9916010870101488,4385,24
9916011260101488,4386,24
9916011530101488,4387,24
9916011600101488,4388,24
9916011720101488,4389,24
9916011770101488,4390,24
9916011810101488,4391,24
9916012270101488,4392,24
9916012350101488,4393,24
9916012570101488,4394,24
9916012650101488,4395,24
9916012700101488,4396,24
9916012800101488,4397,24
9916013280101488,4398,24
9916013770101488,4399,24
9916013800101488,4400,24
9916013860101488,4401,24
9916013900101488,4402,24
9916013980101488,4403,24
9916014430101488,4404,24
9916014500101488,4405,24
9916015790101488,4406,24
9916038650101488,4407,24
9916040650101488,4408,24
9916040800101488,4409,24
9916042200101488,4410,24
9916042390101488,4411,24
9916042450101488,4412,24
9916042490101488,4413,24
9916042580101488,4414,24
9916042600101488,4415,24
9916043980101488,4416,24
9916047080101488,4417,24
9916071000101488,4418,24
9916072400101488,4419,24
9916083320101488,4420,24
9916083590101488,4421,24
9916083780101488,4422,24
9916083890101488,4423,24
9918613150101488,4424,24
9922905890101488,4425,24
9922905960101488,4426,24
9922906240101488,4427,24
9989056850101488,4428,24
9989056880101488,4429,24
9989056940101488,4430,24
9989056960101488,4431,24
9989056980101488,4432,24
9989056990101488,4433,24
9989057870101488,4434,24
9989058420101488,4435,24
9989058520101488,4436,24
9989058700101488,4437,24
9989058900101488,4438,24
9989059050101488,4439,24
9989059290101488,4440,24
9989059400101488,4441,24
9989059430101488,4442,24
9989059760101488,4443,24
9989059870101488,4444,24
9989061010101488,4445,24
9989061030101488,4446,24
9989061110101488,4447,24
9989061390101488,4448,24
9989061620101488,4449,24
9989061760101488,4450,24
9989061820101488,4451,24
9989061890101488,4452,24
9989062090101488,4453,24
9989062140101488,4454,24
9989062180101488,4455,24
9989062260101488,4456,24
9989062320101488,4457,24
9989062440101488,4458,24
9989062480101488,4459,24
9989062490101488,4460,24
9989062710101488,4461,24
9989063170101488,4462,24
9989074190101488,4463,24
9989074220101488,4464,24
9989074240101488,4465,24
9989074330101488,4466,24
9989075520101488,4467,24
9989075560101488,4468,24
9989075780101488,4469,24
9989075860101488,4470,24
9989075980101488,4471,24
9989076040101488,4472,24
9989076120101488,4473,24
9989076210101488,4474,24
9989076270101488,4475,24
9989101520101488,4476,24
9989248350101488,4477,24
9989248400101488,4478,24
9989248490101488,4479,24
9989248540101488,4480,24
9989248590101488,4481,24
9989248810101488,4482,24
9989248880101488,4483,24
9989249170101488,4484,24
9989249230101488,4485,24
9989249270101488,4486,24
9989250080101488,4487,24
9989250260101488,4488,24
9989250390101488,4489,24
9989292730101488,4490,24
9989292820101488,4491,24
9989293300101488,4492,24
9989293390101488,4493,24
9989293470101488,4494,24
9989293600101488,4495,24
9989293670101488,4496,24
9989294080101488,4497,24
9989294360101488,4498,24
9989294570101488,4499,24
9989294740101488,4500,24
9989294990101488,4501,24
9989295050101488,4502,24
9989295110101488,4503,24
9989295160101488,4504,24
9989295480101488,4505,24
9989316440101488,4506,24
9989316450101488,4507,24
9989316460101488,4508,24
9989316480101488,4509,24
9989316490101488,4510,24
9989316540101488,4511,24
9989316590101488,4512,24
9989316690101488,4513,24
9989316810101488,4514,24
9989316990101488,4515,24
9989317290101488,4516,24
9989317340101488,4517,24
9989317360101488,4518,24
9989317410101488,4519,24
9989317440101488,4520,24
9989317990101488,4521,24
9989318050101488,4522,24
9989318380101488,4523,24
9989322220101488,4524,24
9989322260101488,4525,24
9989322330101488,4526,24
9989323070101488,4527,24
9989368980101488,4528,24
9989369080101488,4529,24
9989369170101488,4530,24
9989369330101488,4531,24
9989369750101488,4532,24
9989370070101488,4533,24
9989370190101488,4534,24
9989370280101488,4535,24
9989370770101488,4536,24
9989370890101488,4537,24
9989371010101488,4538,24
9989371400101488,4539,24
9989371520101488,4540,24
9989371740101488,4541,24
9989371890101488,4542,24
9989372320101488,4543,24
9989372520101488,4544,24
9989372610101488,4545,24
9989372680101488,4546,24
9989372860101488,4547,24
9989372920101488,4548,24
9989373830101488,4549,24
9989373960101488,4550,24
9989374100101488,4551,24
9989375230101488,4552,24
9989375350101488,4553,24
9989376110101488,4554,24
9989376180101488,4555,24
9989427210101488,4556,24
9989427220101488,4557,24
9989427240101488,4558,24
9989427270101488,4559,24
9989427300101488,4560,24
9989427410101488,4561,24
9989427590101488,4562,24
9989427640101488,4563,24
9989427680101488,4564,24
9989471800101488,4565,24
9989471810101488,4566,24
9989471830101488,4567,24
9989486950101488,4568,24
9989486970101488,4569,24
9989487110101488,4570,24
9989487170101488,4571,24
9989487330101488,4572,24
9989487380101488,4573,24
9989487420101488,4574,24
9989487450101488,4575,24
9989487480101488,4576,24
9989487520101488,4577,24
9989487570101488,4578,24
9989487600101488,4579,24
9989487650101488,4580,24
9989487830101488,4581,24
9989487900101488,4582,24
9989487940101488,4583,24
9989488020101488,4584,24
9989488060101488,4585,24
9989488100101488,4586,24
9989488110101488,4587,24
9989488120101488,4588,24
9989488160101488,4589,24
9989488200101488,4590,24
9989488250101488,4591,24
9989488320101488,4592,24
9989488520101488,4593,24
9989488630101488,4594,24
9989488740101488,4595,24
9989488910101488,4596,24
9989489000101488,4597,24
9989489020101488,4598,24
9989489280101488,4599,24
9989489350101488,4600,24
9989489390101488,4601,24
9989489400101488,4602,24
9989489430101488,4603,24
9989489500101488,4604,24
9989489580101488,4605,24
9989489670101488,4606,24
9989489830101488,4607,24
9989489890101488,4608,24
9989489920101488,4609,24
9989490020101488,4610,24
9989490140101488,4611,24
9989501500101488,4612,24
9989501590101488,4613,24
9989501610101488,4614,24
9989501630101488,4615,24
9989501680101488,4616,24
9989501770101488,4617,24
9989501800101488,4618,24
9989501850101488,4619,24
9989501910101488,4620,24
9989501930101488,4621,24
9989501970101488,4622,24
9989502000101488,4623,24
9989502110101488,4624,24
9989502220101488,4625,24
9989502250101488,4626,24
9989502290101488,4627,24
9989370530101488,4628,24
9989371140101488,4629,24
9989372280101488,4630,24
9989372730101488,4631,24
9989373350101488,4632,24
9989373450101488,4633,24
9989373750101488,4634,24
9989374330101488,4635,24
9989374460101488,4636,24
9989374530101488,4637,24
9989374620101488,4638,24
9989374710101488,4639,24
9989374800101488,4640,24
9989374930101488,4641,24
9989375010101488,4642,24
9989375110101488,4643,24
9989375520101488,4644,24
9989375600101488,4645,24
9989375680101488,4646,24
9989375770101488,4647,24
9989375850101488,4648,24
9989375990101488,4649,24
9989376070101488,4650,24
9989376240101488,4651,24
9989376350101488,4652,24
9989376400101488,4653,24
9989427230101488,4654,24
9989427250101488,4655,24
9989427350101488,4656,24
9989427480101488,4657,24
9989427830101488,4658,24
9989430200101488,4659,24
9989446530101488,4660,24
9989447130101488,4661,24
9989447160101488,4662,24
9989454000101488,4663,24
9989454220101488,4664,24
9989454300101488,4665,24
9989467310101488,4666,24
9989467400101488,4667,24
9989467560101488,4668,24
9989471590101488,4669,24
9989471600101488,4670,24
9989471620101488,4671,24
9989471660101488,4672,24
9989471680101488,4673,24
9989471700101488,4674,24
9989471730101488,4675,24
9989471780101488,4676,24
9989549030101488,4677,24
9989549050101488,4678,24
9989549080101488,4679,24
9989549140101488,4680,24
9989549150101488,4681,24
9989549170101488,4682,24
9989549180101488,4683,24
9989549200101488,4684,24
9989549830101488,4685,24
9989549870101488,4686,24
9989549950101488,4687,24
9989549990101488,4688,24
9989550090101488,4689,24
9989550140101488,4690,24
9989550460101488,4691,24
9989550590101488,4692,24
9989550790101488,4693,24
9989550880101488,4694,24
9989550980101488,4695,24
9989551010101488,4696,24
9989551350101488,4697,24
9989551510101488,4698,24
9989551560101488,4699,24
9989553280101488,4700,24
9989554460101488,4701,24
9989554560101488,4702,24
9989554620101488,4703,24
9989554770101488,4704,24
9989554950101488,4705,24
9989555020101488,4706,24
9989555450101488,4707,24
9989555570101488,4708,24
9989556140101488,4709,24
9989556190101488,4710,24
9989557920101488,4711,24
9989557930101488,4712,24
9989557950101488,4713,24
9989557960101488,4714,24
9989557990101488,4715,24
9989558250101488,4716,24
9989558270101488,4717,24
9989558310101488,4718,24
9989558350101488,4719,24
9989558370101488,4720,24
9989558460101488,4721,24
9989558530101488,4722,24
9989564120101488,4723,24
9989564300101488,4724,24
9989564720101488,4725,24
9989564780101488,4726,24
9989565010101488,4727,24
9912793080101488,4728,24
9912793440101488,4729,24
9912794590101488,4730,24
9912794640101488,4731,24
9912794750101488,4732,24
9912796970101488,4733,24
9912797280101488,4734,24
9912798400101488,4735,24
9912798900101488,4736,24
9912799030101488,4737,24
9912799330101488,4738,24
9912799630101488,4739,24
9912799670101488,4740,24
9912800020101488,4741,24
9912800120101488,4742,24
9912800230101488,4743,24
9912800320101488,4744,24
9912800440101488,4745,24
9912800570101488,4746,24
9912800830101488,4747,24
9912800950101488,4748,24
9912801040101488,4749,24
9912801130101488,4750,24
9912801230101488,4751,24
9912801320101488,4752,24
9912801790101488,4753,24
9912802140101488,4754,24
9912802710101488,4755,24
9912802770101488,4756,24
9912802890101488,4757,24
9912802990101488,4758,24
9912803060101488,4759,24
9912803170101488,4760,24
9912803980101488,4761,24
9912804050101488,4762,24
9912804140101488,4763,24
9912804880101488,4764,24
9912805080101488,4765,24
9912805130101488,4766,24
9912805160101488,4767,24
9912805390101488,4768,24
9912805750101488,4769,24
9912806080101488,4770,24
9912806150101488,4771,24
9912806210101488,4772,24
9912806520101488,4773,24
9912806620101488,4774,24
9912806850101488,4775,24
9912807310101488,4776,24
9912808120101488,4777,24
9912808280101488,4778,24
9912808350101488,4779,24
9912808790101488,4780,24
9912808980101488,4781,24
9912809030101488,4782,24
9912809160101488,4783,24
9912809860101488,4784,24
9912809990101488,4785,24
9912810000101488,4786,24
9912810040101488,4787,24
9912810070101488,4788,24
9912810570101488,4789,24
9912810650101488,4790,24
9912811270101488,4791,24
9912811460101488,4792,24
9912811490101488,4793,24
9912811670101488,4794,24
9912812130101488,4795,24
9912812710101488,4796,24
9912812950101488,4797,24
9912813240101488,4798,24
9912813380101488,4799,24
9912813710101488,4800,24
9912814020101488,4801,24
9912815620101488,4802,24
9912815670101488,4803,24
9912815690101488,4804,24
9912815780101488,4805,24
9912815800101488,4806,24
9912815820101488,4807,24
9912815840101488,4808,24
9912815860101488,4809,24
9912815870101488,4810,24
9912816000101488,4811,24
9912816200101488,4812,24
9912816260101488,4813,24
9912816450101488,4814,24
9912816530101488,4815,24
9912816570101488,4816,24
9912816650101488,4817,24
9912816720101488,4818,24
9912816770101488,4819,24
9912816830101488,4820,24
9912816880101488,4821,24
9912816930101488,4822,24
9912817300101488,4823,24
9912817520101488,4824,24
9912817610101488,4825,24
9912817650101488,4826,24
9912817740101488,4827,24
9989525040101488,4828,24
9989525090101488,4829,24
9989525150101488,4830,24
9989525170101488,4831,24
9989525230101488,4832,24
9989525260101488,4833,24
9989525300101488,4834,24
9989525410101488,4835,24
9989525450101488,4836,24
9989525710101488,4837,24
9989525770101488,4838,24
9989525900101488,4839,24
9989528080101488,4840,24
9989528140101488,4841,24
9989528400101488,4842,24
9989528440101488,4843,24
9989528600101488,4844,24
9989528640101488,4845,24
9989528700101488,4846,24
9989529430101488,4847,24
9989529520101488,4848,24
9989529600101488,4849,24
9989529780101488,4850,24
9989530020101488,4851,24
9989530210101488,4852,24
9989530230101488,4853,24
9989530390101488,4854,24
9989530470101488,4855,24
9989530540101488,4856,24
9989530590101488,4857,24
9989530640101488,4858,24
9989530710101488,4859,24
9989530750101488,4860,24
9989530810101488,4861,24
9989530850101488,4862,24
9989531320101488,4863,24
9989531330101488,4864,24
9989532180101488,4865,24
9989542770101488,4866,24
9989542790101488,4867,24
9989542810101488,4868,24
9989542930101488,4869,24
9989542940101488,4870,24
9989542960101488,4871,24
9989543030101488,4872,24
9989543090101488,4873,24
9989543120101488,4874,24
9989543220101488,4875,24
9989543270101488,4876,24
9989543440101488,4877,24
9989543560101488,4878,24
9989543660101488,4879,24
9989543680101488,4880,24
9989543740101488,4881,24
9989543780101488,4882,24
9989543860101488,4883,24
9989544030101488,4884,24
9989544100101488,4885,24
9989544180101488,4886,24
9989544270101488,4887,24
9989544300101488,4888,24
9989544410101488,4889,24
9989544480101488,4890,24
9989544670101488,4891,24
9989544940101488,4892,24
9989545000101488,4893,24
9989545050101488,4894,24
9989545070101488,4895,24
9989545090101488,4896,24
9989545110101488,4897,24
9989545130101488,4898,24
9989545160101488,4899,24
9989545190101488,4900,24
9989545220101488,4901,24
9989545280101488,4902,24
9989545320101488,4903,24
9989545430101488,4904,24
9989545530101488,4905,24
9989545600101488,4906,24
9989549040101488,4907,24
9989549060101488,4908,24
9989549070101488,4909,24
9989549100101488,4910,24
9989549120101488,4911,24
9989549130101488,4912,24
9989549250101488,4913,24
9989549290101488,4914,24
9989549360101488,4915,24
9989549380101488,4916,24
9989549400101488,4917,24
9989736310101488,4918,24
9989736330101488,4919,24
9989736350101488,4920,24
9989739060101488,4921,24
9989739070101488,4922,24
9989739080101488,4923,24
9989739090101488,4924,24
9989743830101488,4925,24
9989743840101488,4926,24
9989743860101488,4927,24
9989717990101488,4928,24
9989718060101488,4929,24
9989718080101488,4930,24
9989718090101488,4931,24
9989718100101488,4932,24
9989718110101488,4933,24
9989718120101488,4934,24
9989718130101488,4935,24
9989718170101488,4936,24
9989718180101488,4937,24
9989718200101488,4938,24
9989718210101488,4939,24
9989718250101488,4940,24
9989718290101488,4941,24
9989718330101488,4942,24
9989718380101488,4943,24
9989718460101488,4944,24
9989718480101488,4945,24
9989718500101488,4946,24
9989718520101488,4947,24
9989718580101488,4948,24
9989718690101488,4949,24
9989718920101488,4950,24
9989719030101488,4951,24
9989719180101488,4952,24
9989719230101488,4953,24
9989719260101488,4954,24
9989719350101488,4955,24
9989719390101488,4956,24
9989719530101488,4957,24
9989719560101488,4958,24
9989719640101488,4959,24
9989735690101488,4960,24
9989735730101488,4961,24
9989735740101488,4962,24
9989735860101488,4963,24
9989735890101488,4964,24
9989735920101488,4965,24
9989739050101488,4966,24
9989743850101488,4967,24
9989743870101488,4968,24
9989743880101488,4969,24
9989989950101488,4970,24
9990133910101488,4971,24
9990152400101488,4972,24
9990152910101488,4973,24
9990155440101488,4974,24
9990155490101488,4975,24
9990156440101488,4976,24
9990191580101488,4977,24
9990574880101488,4978,24
9990636830101488,4979,24
9990636960101488,4980,24
9990637090101488,4981,24
9990637170101488,4982,24
9990637320101488,4983,24
9990637380101488,4984,24
9990637490101488,4985,24
9990637790101488,4986,24
9990637850101488,4987,24
9990637880101488,4988,24
9990637930101488,4989,24
9990637970101488,4990,24
9990637990101488,4991,24
9990638040101488,4992,24
9990638260101488,4993,24
9990638530101488,4994,24
9990638580101488,4995,24
9990642920101488,4996,24
9990642970101488,4997,24
9990643020101488,4998,24
9990643080101488,4999,24
9990643120101488,5000,24
9990643160101488,5001,24
9990643220101488,5002,24
9990643290101488,5003,24
9990643380101488,5004,24
9990643450101488,5005,24
9990643520101488,5006,24
9990643720101488,5007,24
9990645510101488,5008,24
9990645660101488,5009,24
9990645740101488,5010,24
9990653430101488,5011,24
9990653870101488,5012,24
9990653970101488,5013,24
9990654020101488,5014,24
9990654150101488,5015,24
9990654220101488,5016,24
9990655570101488,5017,24
9990656150101488,5018,24
9990656450101488,5019,24
9990763370101488,5020,24
9990957190101488,5021,24
9990957510101488,5022,24
9990957660101488,5023,24
9990957710101488,5024,24
9990957840101488,5025,24
9991538700101488,5026,24
9915665120101488,5027,24
9915665520101488,5028,24
9915665560101488,5029,24
9915665710101488,5030,24
9915668490101488,5031,24
9915668660101488,5032,24
9915668930101488,5033,24
9915669040101488,5034,24
9915669450101488,5035,24
9915888880101488,5036,24
9915889090101488,5037,24
9915889880101488,5038,24
9915890270101488,5039,24
9915890600101488,5040,24
9915891220101488,5041,24
9915892190101488,5042,24
9915892460101488,5043,24
9915892950101488,5044,24
9915893020101488,5045,24
9915893100101488,5046,24
9915893700101488,5047,24
9915893860101488,5048,24
9915894090101488,5049,24
9915894130101488,5050,24
9915894730101488,5051,24
9915894870101488,5052,24
9915894890101488,5053,24
9915894940101488,5054,24
9915895040101488,5055,24
9915895440101488,5056,24
9915895580101488,5057,24
9915895680101488,5058,24
9915896280101488,5059,24
9915896370101488,5060,24
9915896450101488,5061,24
9915896550101488,5062,24
9915896590101488,5063,24
9915897180101488,5064,24
9915897360101488,5065,24
9915897470101488,5066,24
9915897690101488,5067,24
9915897770101488,5068,24
9915897870101488,5069,24
9915898450101488,5070,24
9915898490101488,5071,24
9915899280101488,5072,24
9915899830101488,5073,24
9915899860101488,5074,24
9915899960101488,5075,24
9915900510101488,5076,24
9915900890101488,5077,24
9915900950101488,5078,24
9915900980101488,5079,24
9915902230101488,5080,24
9915902260101488,5081,24
9915902290101488,5082,24
9915902720101488,5083,24
9915903080101488,5084,24
9915903120101488,5085,24
9915903640101488,5086,24
9915903680101488,5087,24
9915903850101488,5088,24
9915904150101488,5089,24
9915904210101488,5090,24
9915904390101488,5091,24
9915904430101488,5092,24
9915904930101488,5093,24
9915905230101488,5094,24
9915905300101488,5095,24
9915905820101488,5096,24
9915905890101488,5097,24
9915905950101488,5098,24
9915906240101488,5099,24
9915906430101488,5100,24
9915906540101488,5101,24
9915906930101488,5102,24
9915907270101488,5103,24
9915907350101488,5104,24
9915907390101488,5105,24
9915907900101488,5106,24
9915907940101488,5107,24
9915908080101488,5108,24
9915908800101488,5109,24
9915908850101488,5110,24
9915908940101488,5111,24
9915908990101488,5112,24
9915909080101488,5113,24
9915909420101488,5114,24
9915909480101488,5115,24
9915909520101488,5116,24
9915909550101488,5117,24
9915909810101488,5118,24
9915909830101488,5119,24
9915909850101488,5120,24
9915909880101488,5121,24
9915909930101488,5122,24
9915909980101488,5123,24
9915910190101488,5124,24
9915910320101488,5125,24
9915910390101488,5126,24
9910151960101488,5127,24
9912749720101488,5128,24
9912750620101488,5129,24
9912751320101488,5130,24
9912751560101488,5131,24
9912751610101488,5132,24
9912751630101488,5133,24
9912751650101488,5134,24
9912751680101488,5135,24
9912751920101488,5136,24
9912752040101488,5137,24
9912752390101488,5138,24
9916008900101488,5139,24
9916009470101488,5140,24
9916009680101488,5141,24
9916010910101488,5142,24
9916011140101488,5143,24
9916011320101488,5144,24
9916011410101488,5145,24
9916011910101488,5146,24
9916011970101488,5147,24
9916012150101488,5148,24
9916012160101488,5149,24
9916012180101488,5150,24
9916012430101488,5151,24
9916012500101488,5152,24
9916013450101488,5153,24
9916013700101488,5154,24
9916013920101488,5155,24
9916014120101488,5156,24
9916014300101488,5157,24
9916014370101488,5158,24
9916014520101488,5159,24
9916015840101488,5160,24
9916015930101488,5161,24
9916015980101488,5162,24
9916016040101488,5163,24
9916016250101488,5164,24
9916016480101488,5165,24
9916016540101488,5166,24
9916016890101488,5167,24
9916019480101488,5168,24
9916020950101488,5169,24
9916028950101488,5170,24
9916029990101488,5171,24
9916032480101488,5172,24
9916032590101488,5173,24
9916032670101488,5174,24
9916032790101488,5175,24
9916032990101488,5176,24
9916037070101488,5177,24
9916040560101488,5178,24
9916040720101488,5179,24
9916041270101488,5180,24
9916042110101488,5181,24
9916042160101488,5182,24
9916042240101488,5183,24
9916042280101488,5184,24
9916042410101488,5185,24
9916042530101488,5186,24
9916042660101488,5187,24
9916042700101488,5188,24
9916043940101488,5189,24
9916044030101488,5190,24
9916044080101488,5191,24
9916044120101488,5192,24
9916045270101488,5193,24
9916046120101488,5194,24
9916046150101488,5195,24
9916046190101488,5196,24
9916046220101488,5197,24
9916046260101488,5198,24
9916046300101488,5199,24
9916046350101488,5200,24
9916046640101488,5201,24
9916047630101488,5202,24
9916047830101488,5203,24
9916047910101488,5204,24
9916047970101488,5205,24
9916048230101488,5206,24
9916048300101488,5207,24
9916048350101488,5208,24
9916048380101488,5209,24
9916048400101488,5210,24
9916048440101488,5211,24
9916048660101488,5212,24
9916048740101488,5213,24
9916048850101488,5214,24
9916050000101488,5215,24
9916061540101488,5216,24
9916062600101488,5217,24
9916065290101488,5218,24
9916069740101488,5219,24
9916071080101488,5220,24
9916073570101488,5221,24
9916083820101488,5222,24
9916083840101488,5223,24
9916083850101488,5224,24
9920078780101488,5225,24
9920770800101488,5226,24
