fm_id,call_no,project_id
6355,ms. 21901,1
6356,ms. 21900,1
6357,ms. 21895,1
6358,ms. 21905,1
6359,ms. 21903,1
6360,ms. 21910,1
6361,ms. 21909,1
6362,ms. 21908,1
6363,ms. 21907,1
6364,ms. 21917,1
6365,ms. 21916,1
6366,ms. 21915,1
6367,ms. 21913,1
6368,ms. 21912,1
6369,ms. 21911,1
6373,ms. 21918,1
6374,ms. 21924,1
6375,ms. 21923,1
6376,ms. 21926,1
6377,ms. 21925,1
6378,ms. 21927,1
6379,ms. 21930,1
6380,ms. 21929,1
6381,ms. 21928,1
6382,ms. 21933,1
6383,ms. 22031,1
6384,ms. 21936,1
6385,ms. 21935,1
6386,ms. 21934,1
6387,ms. 21931,1
6388,ms. 2929,1
6389,ms. 22042,1
6390,ms. 22039,1
6391,ms. II 3078,1
6392,ms. II 3079,1
6393,ms. II 1562,1
6394,ms. III 1185,1
6395,ms. III 1184,1
6396,ms. III 1183,1
6397,ms. III 1182,1
6398,ms. III 1181,1
6399,ms. III 1180,1
6400,ms. III 1179,1
6401,ms. III 1361,1
6402,ms. III 1186/2,1
6403,ms. III 1186/1,1
6404,ms. III 2032,1
6413,ms. 4133,1
6414,ms. 14557,1
6415,ms. 11914,1
6416,ms.2156,1
6417,ms. 945,1
6418,ms. 3328-31,1
6419,ms. 20897-20898,1
6420,ms. 3515,1
6421,ms. 22153,1
6422,ms. 8471-8475,1
6424,ms. 5794,1
6429,ms. BMH SJ h58,1
6430,ms. 115,1
6431,ms. 122,1
6432,ms. BMH Warm H93H15,1
6433,ms.BMH h6,1
6444,ms.168/1,1
6445,ms.180,1
6446,ms.168/2,1
6447,ms.682,1
6448,ms.509,1
6449,ms.365,1
6450,ms.1761,1
6451,ms.246,1
6554,ms. II 3532,1
6555,ms. II 3698,1
6556,ms. II 3660,1
6557,ms. II 3595,1
6558,ms. II 3703,1
6559,ms. II 4351,1
6560,ms. II 4352,1
6561,ms. II 4608,1
6562,ms. II 4594,1
6563,ms. II 4480,1
6564,ms. II 4645,1
6565,ms. II 4624,1
6566,ms. II 4609,1
6567,ms. II 4422,1
6568,ms. II 4578,1
6569,ms. II 4523,1
6570,ms. II 4680,1
6571,ms. II 4655,1
6572,ms. II 4733,1
6573,ms. II 4732,1
6574,ms. II 4268,1
6575,ms. II 4269,1
6576,ms. II 4284,1
6577,ms. II 4281,1
6578,ms. II 4285,1
6579,ms. II 4272,1
6580,ms. II 4271,1
6581,ms. II 4270,1
6582,ms. II 5157,1
6583,ms. II 5135,1
6584,ms. II 4854,1
6585,ms. II 4765,1
6586,ms. II 5167,1
6587,ms. II 5056,1
6588,ms. II 5233,1
6589,ms. II 5339,1
6590,ms. II 5338,1
6591,ms. II 5311,1
6592,ms. II 5366,1
6593,ms. II 5342,1
6594,ms. II 5411,1
6595,ms. II 5380,1
6596,ms. II 5412,1
6597,ms. II 5419,1
6598,ms. II 5415,1
6599,ms. II 5422,1
6600,ms. II 5426,1
6601,ms. II 5444,1
6602,ms. II 5459,1
6603,ms. II 5516,1
6604,ms. II 5517,1
6605,ms. II 6281,1
6606,ms. II 5964,1
6607,ms. II 5602,1
6608,ms. II 7699/1,1
6609,ms. II 7346,1
6610,ms. II 6284,1
6611,ms. II 6933,1
6612,ms. II 6649,1
6613,ms. II 7699/2,1
6614,ms. II 7762,1
6615,ms. II 7699/3,1
6616,ms. III 1023,1
6617,ms. III 372,1
6618,ms. III 1028,1
6619,ms. III 1100,1
6620,ms. III 1102,1
6621,ms. III 1101,1
6622,ms. III 1103/1,1
6624,ms. III 1103/2,1
6625,ms. III 1103/3,1
6626,ms. III 1561,1
6627,ms. III 1175,1
6628,ms. III 1422,1
6629,ms. 8493-8494,1
6630,ms. 5837-5838,1
6631,ms. 3487-3490,1
6632,ms. 11701,1
6633,ms. 11700,1
6634,ms. 11698,1
6635,ms. 14805,1
6636,ms. 14376,1
6637,ms. 14244-14248,1
6638,ms. 15432-15434,1
6639,ms. 11702,1
6640,ms. 20986,1
6641,ms. 20984,1
6642,ms. 20982,1
6643,ms. 20981,1
6644,ms. 21121,1
6645,ms. 20987,1
6646,ms. 19376,1
6647,ms. 18373-18374,1
6648,ms. 21126,1
6649,ms. 21127,1
6650,ms. 21899,1
6651,ms. 21894,1
6652,ms. 21615,1
6653,ms. 21902,1
6727,Ms. O1,1
6728,Ms. O2,1
6729,Ms. K6,1
6730,Ms. K1,1
6731,Ms. R2,1
6732,Ms. K8,1
6733,Ms. 251,1
6734,Ms. R11,1
6735,Ms. K13,1
6736,Ms. K14,1
6737,Ms. M9,1
6738,Ms. K12,1
6739,Ms. K9,1
6744,Ms. M5,1
6745,Ms. F11,1
6746,ms. H/16/W,1
6759,Ms. C24,1
6760,Ms. C18,1
6761,Ms. C2,1
6762,Ms. C29,1
6763,Ms. C48,1
6764,Ms. C31,1
6765,Ms. C3,1
6766,Ms. C86,1
6767,Ms. C57,1
6768,Ms. C50,1
6769,Ms. C49,1
6770,Ms. C78,1
6771,Ms. C66,1
6772,Ms. C62,1
6773,Ms. C100,1
6774,Ms. C97,1
6775,Ms. C103,1
6776,Ms. C155,1
6777,Ms. C171,1
6778,Ms. C164,1
6779,Ms. C161,1
6780,Ms. C160,1
6781,Ms. C159,1
6782,Ms. C146,1
6783,Ms. C145,1
6784,Ms. C115,1
6785,Ms. C110,1
6786,Ms. C174,1
6787,Ms. C185,1
6788,Ms. C184,1
6789,Ms. C183,1
6790,Ms. C179,1
6791,Ms. C198,1
6792,Ms. C190,1
6793,Ms. C10,1
6794,Ms. C32,1
6795,Ms. C30,1
6796,Ms. C28,1
6797,Ms. C14,1
6798,Ms. C12,1
6799,Ms. C11,1
6800,Ms. C8,1
6801,Ms. C6,1
6803,Ms. C34,1
6804,Ms. C41,1
6805,Ms. C40,1
6806,Ms. C39,1
6807,Ms. C38,1
6808,Ms. C44,1
6809,Ms. C43,1
6810,Ms. C42,1
6811,Ms. C4,1
6812,Ms. C47,1
6813,Ms. C46,1
6814,Ms. C45,1
6816,Ms. C56,1
6817,Ms. C55,1
6818,Ms. C54,1
6819,Ms. C72,1
6820,Ms. C59,1
6821,Ms. C58,1
6822,Ms. C77,1
6823,Ms. C70,1
6824,Ms. C68,1
6825,Ms. C64,1
6826,Ms. C60,1
6827,Ms. C90,1
6828,Ms. C84,1
6829,Ms. C82,1
6830,Ms. C80,1
6831,Ms. C76,1
6832,Ms. C75,1
6833,Ms. C74,1
6834,Ms. C73,1
6835,Ms. C96,1
6836,Ms. C95,1
6837,Ms. C116,1
6838,Ms. C114,1
6839,Ms. C112,1
6840,Ms. C106,1
6841,Ms. C105,1
6842,Ms. C109,1
6843,Ms. C108,1
6844,Ms. C107,1
6845,Ms. C149,1
6846,Ms. C148,1
6847,Ms. C147,1
6848,Ms. C141,1
6849,Ms. C140,1
6850,Ms. C139,1
6851,Ms. C138,1
6852,Ms. C144,1
6853,Ms. C162,1
6854,Ms. C158,1
6855,Ms. C156,1
6856,Ms. C151,1
6857,Ms. C150,1
6858,Ms. C163,1
6859,Ms. C165,1
6860,Ms. C169,1
6861,Ms. C168,1
6862,Ms. C167,1
6863,Ms. C176,1
6864,Ms. C172,1
6865,Ms. C175,1
6866,Ms. C180,1
6867,Ms. C178,1
6868,Ms. C177,1
6869,Ms. C195,1
6870,Ms. C194,1
6871,Ms. C189,1
6872,Ms. C188,1
6873,Ms. C187,1
6874,Ms. C186,1
6875,Ms. C182,1
6876,Ms. C181,1
6877,Ms. C193,1
6878,Ms. C192,1
6879,Ms. C191,1
6880,Ms. C202,1
6881,Ms. C201,1
6882,Ms. C203,1
6883,Ms. C205,1
6884,Ms. C204,1
6885,Ms. C209,1
6886,Ms. C207,1
6887,Ms. C210,1
6888,ms. II 106,1
6889,ms. II 168,1
6890,ms. II 740,1
6891,ms. II 737,1
6892,ms. II 730,1
6893,ms. II 252,1
6895,ms. II 829/1,1
6896,ms. II 741,1
6897,ms. II 1036,1
6898,ms. II 1245,1
6899,ms. II 829/2,1
6900,ms. II 1249,1
6901,ms. II 2778,1
6902,ms. II 2224,1
6903,ms. II 2119,1
6904,ms. II 2942,1
6905,ms. II 2941,1
6906,ms. II 2974,1
6907,ms. II 2973,1
6908,ms. II 3086,1
6909,ms. II 3083,1
6910,ms. II 3077,1
6911,ms. II 3075,1
6912,ms. II 3040,1
6913,ms. II 3088,1
6914,ms. II 3080,1
6915,ms. II 3098,1
6916,ms. II 3097,1
6917,ms. II 3109,1
6918,ms. II 3106,1
6919,NA,1
6920,NA,1
6921,NA,1
6922,NA,1
6923,NA,1
6924,ms. II 3212,1
6925,ms. II 3214,1
6926,ms. II 3292,1
6927,ms. II 3295,1
6928,ms. II 3294,1
6929,ms. II 3352,1
6930,ms. II 3366/11,1
6931,ms. II 3366/8,1
6932,ms. II 3366/7,1
6933,ms. II 3366/2,1
6934,ms. II 3366/1,1
6935,ms.II 3368/2,1
6936,ms. II 3368/1,1
6937,ms. II 3366/9,1
6938,ms. II 3366/6,1
6939,ms. II 3366/5,1
6940,ms. II 3366/10,1
6941,ms. II 3366/4,1
6942,ms. II 3366/3,1
6943,ms. II 3367,1
6944,ms. II 3379,1
6945,ms. II 3378,1
6946,ms. II 3377,1
6947,ms. II 3376,1
6948,ms. II 3430/2,1
6949,ms. II 3430/1,1
6950,ms. II 3479,1
6951,ms. II 3444,1
6952,ms.II 3438,1
6953,ms. II 3525,1
6370,Ms. 371,1
6371,Ms. 370,1
6372,Ms. 369,1
6405,Ms. 375,1
6406,Ms. 376,1
6407,Ms. 377,1
6408,Ms. 378,1
6409,Ms. 379,1
6410,Ms. 380,1
6411,PM0098/Q°,1
6412,Ms. 381,1
6423,Ms. 382,1
6425,Ms. 384 (size A),1
6426,Ms. 383,1
6427,Ms. 385 (size A),1
6428,Ms. 386,1
6434,Ms. 387,1
6435,Ms. 388,1
6436,Ms. 389,1
6437,Ms. 392,1
6438,Ms. 397,1
6439,Ms. 398,1
6440,Ms. 396,1
6441,Ms. 395,1
6442,Ms. 393,1
6443,Ms. 399,1
6452,PRECA2177,1
6453,PRECA2178,1
6454,Ms. 235,1
6455,Ms. 367,1
6456,Ms. 273,1
6457,Ms. 236,1
6458,Ms. 328,1
6459,Ms. 333,1
6460,Ms. 241,1
6461,Ms. 267,1
6462,Ms. 310,1
6463,Ms. 332,1
6464,Ms. 322,1
6465,Ms. 321,1
6466,Ms. 251,1
6467,Ms. 327,1
6468,Ms. 252,1
6469,Ms. 300,1
6470,Ms. 253,1
6471,Ms. 299,1
6472,Ms. 214,1
6473,Ms. 215,1
6474,Ms. 216,1
6475,Ms. 217,1
6476,Ms. 218,1
6477,Ms. 219,1
6478,Ms. 220,1
6479,Ms. 221,1
6480,Ms. 222,1
6481,Ms. 223,1
6482,Ms. 203,1
6483,Ms. 224,1
6484,Ms. 225,1
6485,Ms. 202,1
6486,Ms. 201,1
6487,Ms. 228,1
6488,Ms. 212,1
6489,Ms. 230,1
6490,Ms. 231,1
6491,Ms. 204,1
6492,Ms. 205,1
6493,Ms. 206,1
6494,Ms. 232,1
6495,Ms. 210,1
6496,Ms. 209,1
6497,Ms. 213,1
6498,Ms. 229,1
6499,Ms. 233,1
6500,Ms. 234,1
6501,Ms. 237,1
6502,Ms. 240,1
6503,Ms. 211,1
6504,Ms. 207,1
6505,Ms. 227,1
6506,Ms. 242,1
6507,Ms. 243,1
6508,Ms. 244,1
6509,Ms. 245,1
6510,Ms. 246,1
6511,Ms. 247,1
6512,Ms. 248,1
6513,Ms. 249,1
6514,Ms. 208,1
6515,Ms. 254,1
6516,Ms. 255,1
6517,Ms. 257,1
6518,Ms. 259,1
6519,Ms. 238,1
6520,Ms. 256,1
6521,Ms. 260,1
6522,Ms. 250,1
6523,Ms. 258,1
6524,Ms. 261,1
6525,Ms. 262,1
6526,Ms. 263,1
6527,Ms. 264,1
6528,Ms. 265,1
6529,Ms. 266,1
6530,Ms. 270,1
6531,Ms. 271,1
6532,Ms. 268,1
6533,Ms. 269,1
6534,Ms. 272,1
6535,Ms. 280,1
6536,Ms. 281,1
6537,Ms. 282,1
6538,Ms. 283,1
6539,Ms. 284,1
6540,Ms. 285,1
6541,Ms. 286,1
6542,Ms. 287,1
6543,Ms. 288,1
6544,Ms. 289,1
6545,Ms. 290,1
6546,Ms. 291,1
6547,Ms. 292,1
6548,Ms. 293,1
6549,Ms. 294,1
6550,Ms. 295,1
6551,Ms. 296,1
6552,Ms. 297,1
6553,Ms. 298,1
6623,Ms. 373,1
6654,Ms. 301,1
6655,Ms. 302,1
6656,Ms. 304,1
6657,Ms. 305,1
6658,Ms. 306,1
6659,Ms. 307,1
6660,Ms. 338,1
6661,Ms. 308,1
6662,Ms. 309,1
6663,Ms. 313,1
6664,Ms. 314,1
6665,Ms. 315,1
6666,Ms. 316,1
6667,Ms. 317,1
6668,Ms. 319,1
6669,Ms. 320,1
6670,Ms. 323,1
6671,Ms. 325,1
6672,Ms. 326,1
6673,Ms. 329,1
6674,Ms. 330,1
6675,Ms. 331,1
6676,Ms. 334,1
6677,Ms. 335,1
6678,Ms. 336,1
6679,Ms. 324,1
6680,Ms. 226,1
6681,Ms. 337,1
6682,PRECA0001,1
6683,PRECA0002,1
6684,PRECA0003,1
6685,PRECA0004,1
6686,PRECA0005,1
6687,PRECA0006,1
6688,PRECA0007,1
6689,PRECA0008,1
6690,PRECA0009,1
6691,PRECA0010,1
6692,PRECA0011,1
6693,PRECA0012,1
6694,PRECA0013,1
6695,PRECA0014,1
6696,PRECA0015,1
6697,PRECA0016,1
6698,PRECA0017,1
6699,PRECA0018,1
6700,PRECA0019,1
6701,PRECA0020,1
6702,PRECA0021,1
6703,PRECA0022,1
6704,PRECA0023,1
6705,PRECA0025,1
6706,PRECA0024,1
6707,Ms. 339,1
6708,Ms. 340,1
6709,Ms. 341,1
6710,Ms. 342,1
6711,Ms. 344,1
6712,Ms. 343,1
6713,Ms. 347,1
6714,Ms. 348,1
6715,PM0478,1
6716,PM0479,1
6717,PM0480,1
6718,PM0026/V,1
6719,PM0328,1
6720,PM0325,1
6721,PM0324,1
6722,PM0326,1
6723,PM0327,1
6724,PM0024/Q°,1
6725,Ms. 239,1
6726,PM0334,1
6740,Ms. 350,1
6741,Ms. 349,1
6742,Ms. 351,1
6743,Ms. 352,1
6747,Ms. 354,1
6748,Ms. 353,1
6749,Ms. 355,1
6750,Ms. 312,1
6751,Ms. 356,1
6752,Ms. 361,1
6753,Ms. 365,1
6754,Ms. 357,1
6755,Ms. 358,1
6756,Ms. 359,1
6757,Ms. 362,1
6758,Ms. 363,1
6802,Ms. 364,1
6815,Ms. 368,1
6894,Ms. 372,1
